ts_code,date,open,high,low,close,pre_close,change,pct_chg,volume,amount
,2024-01-02,29.87,30.09,29.6,29.6,29.87,-0.2699999999999996,-0.9,8413.14,31091.485
,2024-01-03,29.44,29.6,28.87,29.03,29.6,-0.5700000000000003,-1.93,7589.41,27510.559
,2024-01-04,29.04,29.21,28.76,29.06,29.03,0.0299999999999975,0.1,5962.6,21473.344
,2024-01-05,29.05,29.15,28.02,28.14,29.06,-0.9199999999999982,-3.17,10224.42,36257.854
,2024-01-08,28.21,28.4,27.66,27.73,28.14,-0.4100000000000001,-1.46,7714.6,26736.232
,2024-01-09,27.61,28.36,27.45,27.62,27.73,-0.1099999999999994,-0.4,6526.0,22553.566
,2024-01-10,27.63,27.89,26.89,26.97,27.62,-0.6500000000000021,-2.35,7182.41,24267.537
,2024-01-11,26.9,27.6,26.83,27.51,26.97,0.5400000000000027,2.0,8048.5,27419.133
,2024-01-12,27.46,27.67,26.89,26.93,27.51,-0.5800000000000018,-2.11,7642.41,25808.841
,2024-01-15,26.97,27.04,26.33,26.79,26.93,-0.1400000000000005,-0.52,6709.0,22300.765
,2024-01-16,27.2,27.2,25.92,26.29,26.79,-0.5,-1.87,8331.03,27190.714
,2024-01-17,26.05,26.53,25.6,25.67,26.29,-0.6199999999999974,-2.36,7257.3,23545.686
,2024-01-18,25.39,25.91,24.88,25.55,25.67,-0.120000000000001,-0.47,9925.3,31137.414
,2024-01-19,25.58,25.88,25.0,25.03,25.55,-0.5199999999999996,-2.04,7131.73,22527.996
,2024-01-22,25.39,25.41,23.2,23.59,25.03,-1.4400000000000013,-5.75,12010.0,36428.297
,2024-01-23,23.36,24.3,23.36,23.73,23.59,0.1400000000000005,0.59,8287.64,24491.096
,2024-01-24,23.68,23.95,22.75,23.73,23.73,0.0,0.0,10668.94,31006.136
,2024-01-25,24.08,24.93,23.65,24.9,23.73,1.1699999999999982,4.93,17051.0,51774.286
,2024-01-26,25.12,25.28,24.19,24.2,24.9,-0.6999999999999993,-2.81,13411.42,41023.258
,2024-01-29,24.08,24.67,23.48,23.57,24.2,-0.629999999999999,-2.6,12438.3,37018.748
,2024-01-30,23.19,23.51,22.46,22.48,23.57,-1.09,-4.62,9469.5,27043.94
,2024-01-31,22.35,22.69,21.01,21.07,22.48,-1.41,-6.27,11931.0,32172.77
,2024-02-01,21.38,21.62,20.73,20.93,21.07,-0.1400000000000005,-0.66,10687.3,28041.747
,2024-02-02,21.63,22.3,19.05,19.97,20.93,-0.9600000000000009,-4.59,18018.72,46508.614
,2024-02-05,19.49,19.93,16.6,16.66,19.97,-3.3099999999999987,-16.57,24455.37,53341.542
,2024-02-06,16.35,17.61,15.14,16.98,16.66,0.3200000000000003,1.92,25455.33,51584.508
,2024-02-07,17.01,17.16,15.6,15.89,16.98,-1.09,-6.42,26080.61,53154.369
,2024-02-08,15.91,17.91,15.39,17.86,15.89,1.9699999999999989,12.4,30258.7,62372.117
,2024-02-19,18.36,19.64,18.12,19.61,17.86,1.75,9.8,33428.81,78681.977
,2024-02-20,19.46,21.25,18.92,20.49,19.61,0.879999999999999,4.49,34682.0,86002.283
,2024-02-21,19.89,20.88,19.51,20.09,20.49,-0.3999999999999986,-1.95,31288.58,78592.623
,2024-02-22,20.37,22.93,20.37,22.08,20.09,1.9899999999999984,9.91,55335.32,147212.269
,2024-02-23,23.18,25.76,21.86,24.64,22.08,2.5600000000000023,11.59,71316.83,206173.408
,2024-02-26,23.35,24.4,22.71,24.31,24.64,-0.3300000000000018,-1.34,60584.02,177386.203
,2024-02-27,23.59,25.59,23.58,25.54,24.31,1.2300000000000004,5.06,54499.87,166522.135
,2024-02-28,25.12,25.42,22.08,22.08,25.54,-3.460000000000001,-13.55,53844.93,160563.645
,2024-02-29,21.74,23.47,21.74,23.3,22.08,1.2200000000000024,5.53,32422.44,92265.252
,2024-03-01,23.3,24.35,23.29,23.74,23.3,0.4399999999999977,1.89,30900.77,91318.068
,2024-03-04,24.06,25.35,23.65,25.29,23.74,1.5500000000000007,6.53,45852.69,140550.281
,2024-03-05,24.6,26.39,24.28,25.27,25.29,-0.0199999999999995,-0.08,55782.7,176088.128
,2024-03-06,24.77,25.23,24.14,24.81,25.27,-0.4600000000000008,-1.82,33815.97,103758.759
,2024-03-07,24.95,25.06,23.65,23.83,24.81,-0.9800000000000004,-3.95,28221.03,85276.718
,2024-03-08,23.82,24.94,23.82,24.68,23.83,0.8500000000000014,3.57,22333.35,67800.403
,2024-03-11,24.31,24.63,23.95,24.61,24.68,-0.0700000000000002,-0.28,19893.64,59875.443
,2024-03-12,24.61,25.04,24.22,24.85,24.61,0.240000000000002,0.98,22004.32,67573.043
,2024-03-13,24.78,26.17,24.78,25.92,24.85,1.0700000000000005,4.31,44134.56,140926.521
,2024-03-14,25.49,25.74,24.73,25.35,25.92,-0.5700000000000003,-2.2,31266.54,97995.151
,2024-03-15,25.12,25.66,24.84,25.53,25.35,0.1799999999999997,0.71,23430.19,73924.474
,2024-03-18,25.54,26.11,25.47,25.97,25.53,0.4399999999999977,1.72,27627.47,88522.561
,2024-03-19,26.09,27.68,25.59,27.35,25.97,1.3800000000000026,5.31,49489.91,163228.54
,2024-03-20,26.83,27.26,26.55,27.04,27.35,-0.3100000000000023,-1.13,30846.86,102915.157
,2024-03-21,26.98,27.32,26.17,26.34,27.04,-0.6999999999999993,-2.59,26906.3,89180.371
,2024-03-22,26.33,26.4,25.53,25.64,26.34,-0.6999999999999993,-2.66,21828.36,70072.803
,2024-03-25,25.36,25.91,24.4,24.61,25.64,-1.0300000000000011,-4.02,19223.3,60390.203
,2024-03-26,24.56,25.02,23.82,24.52,24.61,-0.0899999999999998,-0.37,16226.78,49219.774
,2024-03-27,24.33,24.59,23.43,23.49,24.52,-1.0300000000000011,-4.2,13519.72,40353.541
,2024-03-28,23.36,24.94,23.36,24.36,23.49,0.870000000000001,3.7,18256.52,55109.23
,2024-03-29,24.4,26.7,24.03,26.59,24.36,2.2300000000000004,9.15,42944.23,136783.112
,2024-04-01,26.89,26.89,25.84,26.51,26.59,-0.0799999999999983,-0.3,35489.21,115729.925
,2024-04-02,26.25,26.26,25.6,26.01,26.51,-0.5,-1.89,20953.09,67415.065
,2024-04-03,25.98,25.98,24.72,24.89,26.01,-1.120000000000001,-4.31,20627.52,64321.771
,2024-04-08,24.96,25.02,24.07,24.07,24.89,-0.8200000000000003,-3.29,13965.93,42197.345
,2024-04-09,24.23,24.48,23.86,24.39,24.07,0.3200000000000003,1.33,10254.0,30879.858
,2024-04-10,24.35,24.35,23.09,23.18,24.39,-1.2100000000000009,-4.96,15594.92,45570.555
,2024-04-11,23.05,23.64,22.91,23.09,23.18,-0.0899999999999998,-0.39,10438.58,30215.346
,2024-04-12,23.03,23.54,22.96,23.1,23.09,0.0100000000000015,0.04,9630.81,27790.995
,2024-04-15,23.27,23.4,20.98,21.74,23.1,-1.360000000000003,-5.89,17505.2,47593.426
,2024-04-16,21.74,21.74,19.05,19.13,21.74,-2.6099999999999994,-12.01,21496.59,52847.337
,2024-04-17,19.62,21.18,19.62,21.17,19.13,2.0400000000000027,10.66,17587.94,45308.776
,2024-04-18,21.14,22.12,20.72,21.49,21.17,0.3199999999999967,1.51,17029.55,45438.243
,2024-04-19,21.34,21.71,21.22,21.49,21.49,0.0,0.0,10424.85,27776.253
,2024-04-22,21.15,21.62,20.54,21.48,21.49,-0.009999999999998,-0.05,8201.83,21581.341
,2024-04-23,21.26,22.18,21.26,21.88,21.48,0.3999999999999986,1.86,13916.5,37791.738
,2024-04-24,21.98,22.86,21.82,22.84,21.88,0.9600000000000009,4.39,17561.28,48792.11
,2024-04-25,21.69,21.72,20.68,20.91,22.84,-1.93,-8.45,30380.71,79543.783
,2024-04-26,20.91,21.67,20.82,21.58,20.91,0.6699999999999982,3.2,21846.02,57960.227
,2024-04-29,21.59,22.24,21.59,22.05,21.58,0.4700000000000024,2.18,15031.67,41150.653
,2024-04-30,22.06,22.22,21.44,21.64,22.05,-0.4100000000000001,-1.86,11195.42,30186.356
,2024-05-06,21.9,22.3,21.9,22.21,21.64,0.5700000000000003,2.63,11923.44,32796.762
,2024-05-07,22.21,22.6,22.1,22.56,22.21,0.3499999999999978,1.58,12042.08,33615.507
,2024-05-08,22.45,22.62,21.98,22.03,22.56,-0.5299999999999976,-2.35,10210.0,28277.26
,2024-05-09,22.4,22.4,21.93,22.26,22.03,0.2300000000000004,1.04,8444.48,23317.532
,2024-05-10,22.3,22.3,21.46,21.54,22.26,-0.7200000000000024,-3.23,8960.0,24111.295
,2024-05-13,21.46,21.46,20.63,20.77,21.54,-0.7699999999999996,-3.57,10185.0,26460.668
,2024-05-14,21.08,21.34,20.85,21.05,20.77,0.2800000000000011,1.35,6546.66,17124.291
,2024-05-15,21.17,21.27,20.77,20.77,21.05,-0.2800000000000011,-1.33,6946.48,18108.43
,2024-05-16,20.77,21.33,20.71,21.01,20.77,0.240000000000002,1.16,6442.48,16895.448
,2024-05-17,21.01,21.45,20.86,21.45,21.01,0.4399999999999977,2.09,10529.92,27818.48
,2024-05-20,21.37,21.52,21.14,21.46,21.45,0.0100000000000015,0.05,7173.0,19029.709
,2024-05-21,21.42,21.48,21.09,21.13,21.46,-0.3300000000000018,-1.54,6614.92,17413.918
,2024-05-22,21.13,21.32,20.86,21.27,21.13,0.1400000000000005,0.66,6307.27,16571.1
,2024-05-23,21.27,24.14,21.13,23.18,21.27,1.91,8.98,54576.66,155783.847
,2024-05-24,23.16,25.2,22.95,24.56,23.18,1.379999999999999,5.95,75229.55,225926.953
,2024-05-27,23.35,23.35,21.76,22.57,24.56,-1.9899999999999984,-8.1,48105.38,135142.071
,2024-05-28,22.29,22.43,21.18,21.49,22.57,-1.0800000000000018,-4.79,32863.7,87811.16
,2024-05-29,21.34,22.13,21.24,22.06,21.49,0.5700000000000003,2.65,28322.15,76369.928
,2024-05-30,22.06,22.06,20.91,20.91,22.06,-1.1499999999999986,-5.21,22418.05,58137.831
,2024-05-31,20.9,21.92,20.84,21.71,20.91,0.8000000000000007,3.83,26131.75,68961.741
,2024-06-03,21.71,21.89,20.65,21.03,21.71,-0.6799999999999997,-3.13,23943.0,61787.431
,2024-06-04,20.67,20.9,19.67,20.08,21.03,-0.9500000000000028,-4.52,22147.0,53972.482
,2024-06-05,20.08,20.19,19.62,19.67,20.08,-0.4099999999999966,-2.04,11846.0,28729.23
,2024-06-06,19.81,20.13,18.7,18.84,19.67,-0.8300000000000018,-4.22,17321.12,40696.46
,2024-06-07,19.19,19.67,19.12,19.34,18.84,0.5,2.65,13173.0,31165.717
,2024-06-11,19.34,19.86,18.7,19.84,19.34,0.5,2.59,10092.3,23865.385
,2024-06-12,19.76,20.23,19.68,20.1,19.84,0.2600000000000015,1.31,10294.3,25214.739
,2024-06-13,20.01,20.73,20.01,20.34,20.1,0.2399999999999984,1.19,13809.46,34380.175
,2024-06-14,20.26,20.84,20.11,20.7,20.34,0.3599999999999994,1.77,14699.06,36972.616
,2024-06-17,20.44,21.12,20.44,20.92,20.7,0.2200000000000024,1.06,12348.44,31398.776
,2024-06-18,20.83,22.04,20.75,21.8,20.92,0.879999999999999,4.21,22594.26,59645.586
,2024-06-19,21.72,21.93,21.54,21.67,21.8,-0.129999999999999,-0.6,15847.0,41953.717
,2024-06-20,21.4,21.67,20.62,20.85,21.67,-0.8200000000000003,-3.78,14930.0,38447.066
,2024-06-21,20.71,21.03,19.93,20.62,20.85,-0.2300000000000004,-1.1,12526.0,31110.197
,2024-06-24,20.09,20.34,19.3,19.44,20.62,-1.1799999999999995,-5.72,13679.0,32977.296
,2024-06-25,19.63,19.65,19.05,19.27,19.44,-0.1700000000000017,-0.87,10098.5,23798.284
,2024-06-26,19.27,20.33,18.96,20.3,19.27,1.0300000000000011,5.35,13051.63,31507.349
,2024-06-27,20.31,20.79,19.85,19.9,20.3,-0.4000000000000021,-1.97,13204.95,32709.108
,2024-06-28,19.9,20.78,19.79,20.37,19.9,0.4700000000000024,2.36,13660.92,34080.581
,2024-07-01,20.57,20.57,19.56,20.06,20.37,-0.3100000000000023,-1.52,12083.0,29344.421
,2024-07-02,20.03,21.69,19.99,20.39,20.06,0.3300000000000018,1.65,18364.31,46193.579
,2024-07-03,20.25,20.96,20.01,20.46,20.39,0.0700000000000002,0.34,17694.41,44038.707
,2024-07-04,20.45,20.45,19.28,19.41,20.46,-1.0500000000000007,-5.13,14607.54,35174.182
,2024-07-05,19.33,19.65,18.89,19.5,19.41,0.0899999999999998,0.46,9433.95,22168.938
,2024-07-08,19.18,19.52,18.7,18.8,19.5,-0.6999999999999993,-3.59,9458.3,21852.436
,2024-07-09,18.81,19.81,18.62,19.72,18.8,0.9199999999999982,4.89,13119.75,30959.445
,2024-07-10,19.74,19.9,19.43,19.46,19.72,-0.259999999999998,-1.32,7934.0,19009.61
,2024-07-11,20.01,20.08,19.62,19.93,19.46,0.4699999999999988,2.42,9766.0,23729.08
,2024-07-12,19.99,19.99,19.59,19.71,19.93,-0.2199999999999988,-1.1,6958.0,16738.722
,2024-07-15,19.71,19.84,19.2,19.28,19.71,-0.4299999999999997,-2.18,6311.0,14894.479
,2024-07-16,19.16,19.77,19.16,19.52,19.28,0.2399999999999984,1.24,6908.0,16400.852
,2024-07-17,19.52,19.54,18.88,18.95,19.52,-0.5700000000000003,-2.92,7678.84,17943.228
,2024-07-18,18.96,18.96,18.04,18.5,18.95,-0.4499999999999993,-2.37,10496.0,23482.709
,2024-07-19,18.51,19.13,18.43,19.0,18.5,0.5,2.7,8376.0,19263.217
,2024-07-22,18.91,19.28,18.87,19.1,19.0,0.1000000000000014,0.53,6033.0,14034.579
,2024-07-23,19.13,19.22,18.45,18.58,19.1,-0.5200000000000031,-2.72,5161.0,11851.538
,2024-07-24,18.74,18.91,18.36,18.45,18.58,-0.129999999999999,-0.7,7858.0,17808.497
,2024-07-25,18.19,18.67,18.07,18.35,18.45,-0.0999999999999978,-0.54,7038.0,15718.862
,2024-07-26,18.29,18.78,18.29,18.64,18.35,0.2899999999999991,1.58,5820.0,13191.778
,2024-07-29,18.72,19.03,18.41,18.87,18.64,0.2300000000000004,1.23,6332.0,14521.972
,2024-07-30,18.68,19.1,18.68,18.99,18.87,0.1199999999999974,0.64,5926.0,13680.15
,2024-07-31,18.96,19.58,18.9,19.43,18.99,0.4400000000000013,2.32,8402.92,19771.567
,2024-08-01,19.44,19.6,19.2,19.23,19.43,-0.1999999999999993,-1.03,8091.0,19118.618
,2024-08-02,18.96,19.24,18.38,18.4,19.23,-0.8300000000000018,-4.32,9069.0,20792.975
,2024-08-05,18.28,18.41,17.51,17.59,18.4,-0.8099999999999987,-4.4,13686.14,29956.027
,2024-08-06,17.84,18.09,17.41,17.98,17.59,0.3900000000000005,2.22,7121.0,15541.79
,2024-08-07,18.31,19.06,18.25,18.62,17.98,0.6400000000000006,3.56,15304.42,34777.141
,2024-08-08,18.62,18.69,17.98,18.11,18.62,-0.5100000000000016,-2.74,10089.54,22427.527
,2024-08-09,18.26,18.43,17.95,18.0,18.11,-0.1099999999999994,-0.61,5965.0,13166.341
,2024-08-12,18.01,18.01,17.54,17.61,18.0,-0.3900000000000005,-2.17,6642.0,14317.139
,2024-08-13,17.61,17.93,17.53,17.91,17.61,0.3000000000000007,1.7,3804.54,8224.117
,2024-08-14,17.91,18.16,17.78,18.05,17.91,0.1400000000000005,0.78,4599.54,10102.359
,2024-08-15,17.91,18.36,17.86,18.28,18.05,0.2300000000000004,1.27,6379.0,14133.869
,2024-08-16,18.28,18.74,18.26,18.55,18.28,0.2699999999999996,1.48,9780.13,22146.497
,2024-08-19,18.87,18.94,18.16,18.25,18.55,-0.3000000000000007,-1.62,6925.0,15536.277
,2024-08-20,18.25,18.36,17.84,17.98,18.25,-0.2699999999999996,-1.48,6025.0,13290.004
,2024-08-21,17.97,18.43,17.86,18.09,17.98,0.1099999999999994,0.61,5914.21,13111.178
,2024-08-22,17.87,18.28,17.61,17.61,18.09,-0.4800000000000004,-2.65,5553.41,12101.479
,2024-08-23,17.54,17.83,17.14,17.55,17.61,-0.0599999999999987,-0.34,7300.0,15559.675
,2024-08-26,17.54,18.01,17.4,17.84,17.55,0.2899999999999991,1.65,6353.33,13780.972
,2024-08-27,17.91,18.08,17.25,17.33,17.84,-0.5100000000000016,-2.86,8001.0,17103.487
,2024-08-28,17.16,17.33,16.79,17.18,17.33,-0.1499999999999985,-0.87,7104.0,14797.786
,2024-08-29,17.01,17.76,17.01,17.73,17.18,0.5500000000000007,3.2,7739.0,16526.512
,2024-08-30,17.63,21.28,17.63,21.28,17.73,3.5500000000000007,20.02,63705.29,158347.385
,2024-09-02,20.43,20.48,19.47,19.69,21.28,-1.59,-7.47,71391.8,173194.939
,2024-09-03,19.81,20.57,19.41,20.13,19.69,0.4399999999999977,2.23,51920.06,126546.435
,2024-09-04,19.87,20.06,19.24,19.69,20.13,-0.4399999999999977,-2.19,35260.0,84282.007
,2024-09-05,19.68,19.76,19.36,19.73,19.69,0.0399999999999991,0.2,21506.43,51400.983
,2024-09-06,19.71,19.71,18.93,19.07,19.73,-0.6600000000000001,-3.35,24671.14,57824.912
,2024-09-09,18.96,19.48,18.77,19.48,19.07,0.4100000000000001,2.15,17498.83,40971.091
,2024-09-10,19.3,19.68,19.12,19.63,19.48,0.1499999999999985,0.77,20503.0,48611.826
,2024-09-11,19.5,19.8,19.08,19.14,19.63,-0.4899999999999984,-2.5,18469.07,43680.558
,2024-09-12,19.41,19.67,19.15,19.26,19.14,0.120000000000001,0.63,17990.07,42544.619
,2024-09-13,19.11,19.35,18.09,18.12,19.26,-1.1400000000000006,-5.92,25464.0,57760.562
,2024-09-18,17.84,18.32,17.5,17.95,18.12,-0.1700000000000017,-0.94,14177.63,30809.176
,2024-09-19,18.18,18.36,17.93,18.18,17.95,0.2300000000000004,1.28,11160.63,24731.202
,2024-09-20,18.18,19.16,18.17,18.56,18.18,0.379999999999999,2.09,24168.92,55322.693
,2024-09-23,18.64,19.84,18.64,19.36,18.56,0.8000000000000007,4.31,29113.92,68499.604
,2024-09-24,19.1,19.52,18.87,19.5,19.36,0.1400000000000005,0.72,29355.39,68938.117
,2024-09-25,19.5,20.38,19.34,19.82,19.5,0.3200000000000003,1.64,39928.98,96126.542
,2024-09-26,19.68,20.1,19.37,19.92,19.82,0.1000000000000014,0.5,26990.7,64767.196
,2024-09-27,20.1,21.14,19.78,20.92,19.92,1.0,5.02,38926.86,97519.91
,2024-09-30,22.15,24.13,20.97,23.88,20.92,2.9599999999999973,14.15,52671.26,144840.522
,2024-10-08,27.87,28.45,24.58,26.91,23.88,3.030000000000001,12.69,56457.97,182953.324
,2024-10-09,25.43,25.88,22.97,23.01,26.91,-3.899999999999999,-14.49,35433.44,105850.801
,2024-10-10,23.32,23.9,22.52,22.87,23.01,-0.1400000000000005,-0.61,23455.0,66336.187
,2024-10-11,22.87,22.97,21.7,21.94,22.87,-0.9299999999999996,-4.07,21120.0,57172.619
,2024-10-14,22.49,22.77,21.49,22.74,21.94,0.7999999999999972,3.65,17764.47,48290.489
,2024-10-15,22.74,23.37,22.31,22.37,22.74,-0.3699999999999974,-1.63,19840.0,55223.584
,2024-10-16,22.1,22.45,21.83,22.15,22.37,-0.2200000000000024,-0.98,13800.86,37192.341
,2024-10-17,22.31,22.7,22.19,22.24,22.15,0.0899999999999998,0.41,15811.6,43375.017
,2024-10-18,22.23,23.76,22.0,23.16,22.24,0.9200000000000016,4.14,24392.38,68466.476
,2024-10-21,23.58,25.34,23.58,24.71,23.16,1.5500000000000007,6.69,44331.0,133296.138
,2024-10-22,24.7,24.71,23.85,24.14,24.71,-0.5700000000000003,-2.31,28736.0,84534.056
,2024-10-23,23.96,27.79,23.83,26.81,24.14,2.669999999999998,11.06,68505.89,216644.03
,2024-10-24,25.98,26.22,25.18,25.49,26.81,-1.3200000000000005,-4.92,41826.34,130953.737
,2024-10-25,25.42,25.55,24.77,25.25,25.49,-0.2399999999999984,-0.94,32657.0,99910.947
,2024-10-28,25.12,25.74,24.77,25.55,25.25,0.3000000000000007,1.19,25068.18,77031.247
,2024-10-29,25.27,25.55,24.41,24.43,25.55,-1.120000000000001,-4.38,24756.92,74963.637
,2024-10-30,24.25,24.71,23.66,24.02,24.43,-0.4100000000000001,-1.68,17728.51,52371.551
,2024-10-31,23.79,24.39,23.7,24.16,24.02,0.1400000000000005,0.58,18204.48,53526.775
,2024-11-01,23.95,23.99,22.25,22.27,24.16,-1.8900000000000008,-7.82,27625.4,77291.632
,2024-11-04,22.13,23.92,22.06,23.54,22.27,1.2699999999999996,5.7,24485.47,69409.465
,2024-11-05,23.49,24.43,23.21,24.27,23.54,0.7300000000000004,3.1,24776.43,71974.399
,2024-11-06,24.15,25.09,23.83,24.51,24.27,0.240000000000002,0.99,26891.07,80197.715
,2024-11-07,24.25,24.84,24.03,24.52,24.51,0.009999999999998,0.04,19018.62,56516.069
,2024-11-08,24.6,25.51,24.55,24.61,24.52,0.0899999999999998,0.37,29745.45,90592.969
,2024-11-11,24.36,25.6,24.28,25.42,24.61,0.8100000000000023,3.29,32347.47,99024.467
,2024-11-12,25.48,25.48,24.63,24.87,25.42,-0.5500000000000007,-2.16,22678.62,69343.428
,2024-11-13,24.89,25.39,24.51,25.3,24.87,0.4299999999999997,1.73,19961.93,60799.474
,2024-11-14,25.51,26.11,24.32,24.46,25.3,-0.8399999999999999,-3.32,24925.96,76186.689
,2024-11-15,24.34,24.89,23.82,23.92,24.46,-0.5399999999999991,-2.21,21178.99,63010.585
,2024-11-18,23.93,24.34,22.56,23.23,23.92,-0.6900000000000013,-2.88,16795.0,47385.893
,2024-11-19,23.38,24.6,22.98,24.53,23.23,1.3000000000000007,5.6,18287.0,53289.592
,2024-11-20,24.56,25.33,24.31,24.79,24.53,0.259999999999998,1.06,22064.69,66726.98
,2024-11-21,24.54,25.41,24.29,25.07,24.79,0.2800000000000011,1.13,27972.59,84892.874
,2024-11-22,25.02,25.02,23.38,23.47,25.07,-1.6000000000000014,-6.38,20743.71,61219.731
,2024-11-25,23.47,23.9,22.97,23.89,23.47,0.4200000000000017,1.79,11208.0,32062.284
,2024-11-26,24.39,28.67,24.39,28.67,23.89,4.780000000000001,20.01,56153.28,194258.4
,2024-11-27,28.71,29.08,26.42,27.72,28.67,-0.9500000000000028,-3.31,109102.31,367940.532
,2024-11-28,26.79,27.4,26.17,26.35,27.72,-1.3699999999999974,-4.94,70620.88,229641.119
,2024-11-29,25.82,27.31,25.69,26.76,26.35,0.4100000000000001,1.56,66728.2,216511.444
,2024-12-02,26.66,27.79,26.41,27.26,26.76,0.5,1.87,64890.65,214649.655
,2024-12-03,26.98,28.86,26.28,28.43,27.26,1.1699999999999982,4.29,85345.73,287301.037
,2024-12-04,27.85,29.55,26.91,28.1,28.43,-0.3299999999999983,-1.16,84638.34,290926.05
,2024-12-05,27.68,29.17,27.63,28.71,28.1,0.6099999999999994,2.17,61822.0,214434.829
,2024-12-06,30.81,31.09,28.46,28.5,28.71,-0.2100000000000008,-0.73,81755.33,295833.73
,2024-12-09,27.64,29.64,27.26,29.04,28.5,0.5399999999999991,1.89,51789.72,180740.406
,2024-12-10,29.53,31.15,29.14,30.84,29.04,1.8000000000000007,6.2,96917.22,355579.766
,2024-12-11,30.36,30.44,29.47,30.02,30.84,-0.8200000000000003,-2.66,54803.17,199492.713
,2024-12-12,29.57,29.73,28.14,29.07,30.02,-0.9499999999999992,-3.16,45935.75,161658.911
,2024-12-13,27.76,28.13,26.9,26.94,29.07,-2.129999999999999,-7.33,55690.1,186093.041
,2024-12-16,26.74,27.06,26.05,26.49,26.94,-0.4500000000000028,-1.67,29317.75,95041.497
,2024-12-17,26.41,26.88,25.3,25.55,26.49,-0.9399999999999976,-3.55,20926.97,66103.435
,2024-12-18,25.62,25.98,25.02,25.78,25.55,0.2300000000000004,0.9,17182.0,53649.623
,2024-12-19,25.48,26.33,25.3,26.22,25.78,0.4399999999999977,1.71,19024.97,60424.075
,2024-12-20,26.03,26.8,25.72,26.56,26.22,0.3399999999999998,1.3,21110.0,68260.516
,2024-12-23,26.41,26.8,24.93,25.02,26.56,-1.5399999999999991,-5.8,22707.2,70897.419
,2024-12-24,25.34,25.99,24.78,25.25,25.02,0.2300000000000004,0.92,16538.61,50886.863
,2024-12-25,25.26,25.6,24.28,25.09,25.25,-0.1600000000000001,-0.63,19133.04,58029.13
,2024-12-26,24.98,25.98,24.77,25.75,25.09,0.6600000000000001,2.63,18927.0,59200.463
,2024-12-27,25.76,25.98,25.15,25.25,25.75,-0.5,-1.94,17721.0,55204.608
,2024-12-30,25.09,25.46,24.28,25.08,25.25,-0.1700000000000017,-0.67,12267.14,37390.73
,2024-12-31,25.32,26.75,24.68,24.76,25.08,-0.3199999999999967,-1.28,25509.2,79778.982
,2025-01-02,24.5,25.25,23.6,23.87,24.76,-0.8900000000000006,-3.59,19924.0,59085.632
,2025-01-03,23.87,24.16,22.05,22.11,23.87,-1.7600000000000016,-7.37,18471.0,51663.125
,2025-01-06,22.31,22.47,21.17,22.14,22.11,0.0300000000000011,0.14,11760.2,31556.953
,2025-01-07,22.0,23.01,22.0,23.0,22.14,0.8599999999999994,3.88,13798.37,37995.149
,2025-01-08,22.97,24.08,22.56,23.75,23.0,0.75,3.26,25969.87,73999.043
,2025-01-09,23.75,26.08,23.5,25.5,23.75,1.75,7.37,47711.0,145845.165
,2025-01-10,25.87,26.21,24.75,24.75,25.5,-0.75,-2.94,35791.3,111624.768
,2025-01-13,24.24,25.98,23.88,25.43,24.75,0.6799999999999997,2.75,32842.0,100553.559
,2025-01-14,25.72,26.65,25.02,26.58,25.43,1.1499999999999986,4.52,41020.0,130249.649
,2025-01-15,26.43,26.74,25.63,25.73,26.58,-0.8499999999999979,-3.2,28063.3,89204.018
,2025-01-16,25.94,26.12,24.91,25.17,25.73,-0.5599999999999987,-2.18,24900.0,77087.997
,2025-01-17,24.98,25.67,24.85,24.94,25.17,-0.2300000000000004,-0.91,23222.0,71369.625
,2025-01-20,25.1,25.45,24.77,25.2,24.94,0.259999999999998,1.04,15618.0,47805.028
,2025-01-21,25.2,25.73,25.04,25.48,25.2,0.2800000000000011,1.11,17957.0,55553.815
,2025-01-22,25.34,26.97,25.27,25.79,25.48,0.3099999999999987,1.22,38508.0,122984.157
,2025-01-23,25.99,26.54,25.43,25.48,25.79,-0.3099999999999987,-1.2,32026.0,101512.967
,2025-01-24,25.66,25.82,25.2,25.74,25.48,0.259999999999998,1.02,25294.0,78738.137
,2025-01-27,25.86,25.94,24.54,24.61,25.74,-1.129999999999999,-4.39,19608.0,59659.708
,2025-02-05,24.95,25.71,24.63,25.38,24.61,0.7699999999999996,3.13,20324.0,62590.413
,2025-02-06,25.25,26.49,25.18,26.44,25.38,1.0600000000000025,4.18,30304.0,96725.756
,2025-02-07,26.39,27.79,26.18,26.82,26.44,0.379999999999999,1.44,59260.0,195728.13
,2025-02-10,26.82,27.23,26.48,27.23,26.82,0.4100000000000001,1.53,34711.0,113649.904
,2025-02-11,27.31,27.44,26.76,26.95,27.23,-0.2800000000000011,-1.03,22202.78,72882.735
,2025-02-12,26.63,27.45,26.53,27.1,26.95,0.1500000000000021,0.56,27934.78,92374.555
,2025-02-13,27.05,27.18,26.57,26.66,27.1,-0.4400000000000013,-1.62,18573.0,60671.186
,2025-02-14,26.54,26.9,26.11,26.3,26.66,-0.3599999999999994,-1.35,18303.0,58948.114
,2025-02-17,26.28,26.74,26.14,26.62,26.3,0.3200000000000003,1.22,16665.0,53820.849
,2025-02-18,26.6,27.05,25.61,25.94,26.62,-0.6799999999999997,-2.55,22001.0,71146.905
,2025-02-19,25.95,27.55,25.71,27.53,25.94,1.59,6.13,61789.97,205536.774
,2025-02-20,27.49,27.87,27.04,27.63,27.53,0.0999999999999978,0.36,48308.4,161636.388
,2025-02-21,27.44,28.63,27.19,28.01,27.63,0.3800000000000025,1.38,63262.0,215697.868
,2025-02-24,27.79,28.78,27.35,28.31,28.01,0.2999999999999971,1.07,54942.0,188267.56
,2025-02-25,27.72,29.58,27.53,29.5,28.31,1.1900000000000013,4.2,81358.94,285549.971
,2025-02-26,29.01,31.0,28.71,30.92,29.5,1.4200000000000017,4.81,102833.93,375161.5
,2025-02-27,30.35,31.75,29.4,30.03,30.92,-0.8900000000000006,-2.88,77737.65,287890.274
,2025-02-28,29.52,29.82,26.83,27.07,30.03,-2.960000000000001,-9.86,62739.18,214030.109
,2025-03-03,27.08,27.52,26.26,26.64,27.07,-0.4299999999999997,-1.59,35222.0,115045.846
,2025-03-04,26.45,28.25,26.25,27.64,26.64,1.0,3.75,31061.19,103989.677
,2025-03-05,27.8,28.97,27.56,28.5,27.64,0.8599999999999994,3.11,39743.22,137003.056
,2025-03-06,28.71,29.51,28.62,28.89,28.5,0.3900000000000005,1.37,43424.68,153388.416
,2025-03-07,28.76,29.36,28.13,28.8,28.89,-0.0899999999999998,-0.31,34772.0,121780.182
,2025-03-10,28.99,30.52,28.22,30.13,28.8,1.3299999999999983,4.62,65844.71,236969.994
,2025-03-11,29.27,30.62,29.25,30.34,30.13,0.2100000000000008,0.7,55488.52,202849.898
,2025-03-12,30.25,30.25,29.45,29.6,30.34,-0.7399999999999984,-2.44,40179.97,145823.213
,2025-03-13,29.53,29.96,27.97,28.83,29.6,-0.7700000000000031,-2.6,36772.52,128549.837
,2025-03-14,28.71,30.42,28.0,30.03,28.83,1.2000000000000028,4.16,53399.0,192432.98
,2025-03-17,30.03,30.31,29.7,29.88,30.03,-0.1500000000000021,-0.5,32945.0,120359.659
,2025-03-18,29.91,30.13,29.43,29.86,29.88,-0.0199999999999995,-0.07,25187.62,91220.827
,2025-03-19,29.66,30.74,29.45,29.77,29.86,-0.0899999999999998,-0.3,35068.62,128081.594
,2025-03-20,29.77,30.64,28.95,29.71,29.77,-0.0599999999999987,-0.2,42794.0,155648.912
,2025-03-21,29.54,29.59,28.03,28.09,29.71,-1.620000000000001,-5.45,34460.0,120015.187
,2025-03-24,28.17,28.36,25.9,26.96,28.09,-1.129999999999999,-4.02,29097.0,96000.203
,2025-03-25,26.79,27.52,26.27,26.71,26.96,-0.25,-0.93,17031.06,55843.193
,2025-03-26,26.66,27.54,26.64,26.85,26.71,0.1400000000000005,0.52,14869.06,49199.191
,2025-03-27,26.66,26.96,25.89,26.55,26.85,-0.3000000000000007,-1.12,16298.0,52605.52
,2025-03-28,26.55,26.8,25.76,25.87,26.55,-0.6799999999999997,-2.56,14402.0,45928.856
,2025-03-31,25.84,25.84,24.93,25.59,25.87,-0.2800000000000011,-1.08,14593.99,45086.073
,2025-04-01,25.75,25.94,25.37,25.44,25.59,-0.1499999999999985,-0.59,11264.0,35223.101
,2025-04-02,25.25,26.21,25.25,25.68,25.44,0.2399999999999984,0.94,11670.99,36780.167
,2025-04-03,25.29,25.87,24.72,25.1,25.68,-0.5799999999999983,-2.26,13738.0,42273.427
,2025-04-07,22.97,23.62,20.08,20.08,25.1,-5.020000000000003,-20.0,26428.99,68869.956
,2025-04-08,20.45,21.55,19.85,20.56,20.08,0.4800000000000004,2.39,22803.99,57353.855
,2025-04-09,20.39,21.45,18.87,21.32,20.56,0.7600000000000016,3.7,24369.54,60583.525
,2025-04-10,21.97,22.69,21.97,22.1,21.32,0.7800000000000011,3.66,20713.0,56245.566
,2025-04-11,21.74,22.5,21.71,22.24,22.1,0.139999999999997,0.63,13363.0,36249.729
,2025-04-14,22.51,22.84,22.4,22.49,22.24,0.25,1.12,13459.0,37132.485
,2025-04-15,22.53,22.63,22.2,22.57,22.49,0.0800000000000018,0.36,9073.55,24837.146
,2025-04-16,22.46,22.61,21.5,22.1,22.57,-0.4699999999999988,-2.08,12373.0,33307.928
,2025-04-17,21.98,22.74,21.83,22.31,22.1,0.2099999999999973,0.95,13467.0,36848.327
,2025-04-18,22.2,25.42,22.09,24.31,22.31,2.0,8.96,57465.22,166868.286
,2025-04-21,24.2,24.48,23.83,23.99,24.31,-0.3200000000000003,-1.32,43039.76,126399.164
,2025-04-22,23.84,24.13,23.66,23.75,23.99,-0.2399999999999984,-1.0,23743.0,68975.396
,2025-04-23,23.93,25.22,23.8,24.85,23.75,1.1000000000000014,4.63,34880.0,104387.723
,2025-04-24,25.01,25.33,24.43,24.85,24.85,0.0,0.0,26905.0,81600.708
,2025-04-25,24.57,25.13,24.52,24.58,24.85,-0.2700000000000031,-1.09,16561.0,49950.84
,2025-04-28,24.22,24.63,24.15,24.31,24.58,-0.2699999999999996,-1.1,12371.0,36720.006
,2025-04-29,24.31,25.3,24.31,24.97,24.31,0.6600000000000001,2.71,25417.0,77493.775
,2025-04-30,25.07,25.43,24.68,25.26,24.97,0.2900000000000027,1.16,24489.0,74888.35
,2025-05-06,25.57,26.12,25.36,25.94,25.26,0.6799999999999997,2.69,23512.0,73856.216
,2025-05-07,26.28,26.46,25.69,25.91,25.94,-0.0300000000000011,-0.12,18917.0,60057.886
,2025-05-08,25.92,27.19,25.88,27.11,25.91,1.1999999999999993,4.63,31550.0,102430.031
,2025-05-09,26.9,27.19,26.37,26.79,27.11,-0.3200000000000003,-1.18,28942.0,94467.052
,2025-05-12,26.78,27.28,26.78,27.03,26.79,0.240000000000002,0.9,18956.0,62326.752
,2025-05-13,27.31,27.48,26.39,26.53,27.03,-0.5,-1.85,17011.0,55581.77
,2025-05-14,26.61,26.8,25.97,26.29,26.53,-0.240000000000002,-0.9,17213.3,55208.342
,2025-05-15,26.26,26.32,25.8,26.04,26.29,-0.25,-0.95,10881.0,34545.401
,2025-05-16,25.94,26.79,25.78,26.41,26.04,0.370000000000001,1.42,15109.0,48709.468
,2025-05-19,26.48,26.48,25.93,26.39,26.41,-0.0199999999999995,-0.08,10169.0,32461.638
,2025-05-20,26.41,26.7,25.97,26.58,26.39,0.1899999999999977,0.72,11610.0,37409.729
,2025-05-21,26.57,26.61,25.97,26.19,26.58,-0.389999999999997,-1.47,10627.0,34010.9
,2025-05-22,26.16,26.66,25.88,25.98,26.19,-0.2100000000000008,-0.8,10325.0,32994.788
,2025-05-23,25.98,27.14,25.66,25.92,25.98,-0.0599999999999987,-0.23,23483.0,75572.229
,2025-05-26,25.94,26.41,25.8,26.32,25.92,0.3999999999999986,1.54,14372.0,45791.802
,2025-05-27,26.33,26.33,25.7,25.88,26.32,-0.4400000000000013,-1.67,13393.0,42290.174
,2025-05-28,26.03,26.21,25.61,25.69,25.88,-0.1899999999999977,-0.73,8367.0,26284.582
,2025-05-29,25.7,26.32,25.7,26.14,25.69,0.4499999999999993,1.75,12903.0,41133.703
,2025-05-30,26.2,26.66,25.6,25.9,26.14,-0.240000000000002,-0.92,20849.29,54106.312
,2025-06-03,26.03,26.17,25.68,25.9,25.9,0.0,0.0,11872.6,30763.564
,2025-06-04,25.9,26.38,25.89,25.94,25.9,0.0400000000000027,0.15,13871.8,36183.19
,2025-06-05,25.96,26.38,25.65,26.29,25.94,0.3499999999999978,1.35,15286.93,39852.002
,2025-06-06,26.35,26.61,26.12,26.47,26.29,0.1799999999999997,0.68,15418.6,40698.936
,2025-06-09,26.48,26.76,26.31,26.5,26.47,0.0300000000000011,0.11,14300.28,37891.71
,2025-06-10,26.51,26.66,25.68,26.0,26.5,-0.5,-1.89,15483.2,40466.592
,2025-06-11,26.0,26.37,25.98,26.07,26.0,0.0700000000000002,0.27,10914.8,28550.138
,2025-06-12,25.92,26.46,25.8,26.19,26.07,0.120000000000001,0.46,12311.6,32299.267
,2025-06-13,25.91,26.34,25.35,25.41,26.19,-0.7800000000000011,-2.98,16888.2,43514.906
,2025-06-16,25.36,26.48,25.36,26.13,25.41,0.7199999999999989,2.83,20385.4,53238.635
,2025-06-17,26.28,26.28,25.87,26.07,26.13,-0.0599999999999987,-0.23,12406.8,32317.329
,2025-06-18,25.92,26.44,25.61,26.44,26.07,0.370000000000001,1.42,14419.8,37634.749
,2025-06-19,26.46,26.7,25.9,26.01,26.44,-0.4299999999999997,-1.63,18353.8,48315.989
,2025-06-20,26.11,26.43,25.55,25.71,26.01,-0.3000000000000007,-1.15,14501.03,37676.763
,2025-06-23,25.8,26.45,25.56,26.38,25.71,0.6699999999999982,2.61,16354.63,42664.667
,2025-06-24,26.58,27.09,26.45,27.06,26.38,0.6799999999999997,2.58,23744.94,63785.836
,2025-06-25,27.19,27.28,26.69,27.03,27.06,-0.0299999999999975,-0.11,21751.51,58543.232
,2025-06-26,26.93,27.35,26.88,26.99,27.03,-0.0400000000000027,-0.15,18552.43,50311.428
,2025-06-27,26.99,27.34,26.9,27.25,26.99,0.2600000000000015,0.96,18795.43,51106.959
,2025-06-30,27.4,27.7,27.28,27.6,27.25,0.3500000000000014,1.28,20398.43,56082.054
,2025-07-01,27.78,27.99,27.1,27.43,27.6,-0.1700000000000017,-0.62,18832.0,51784.568
,2025-07-02,27.4,27.4,26.76,27.02,27.43,-0.4100000000000001,-1.49,16698.2,44973.72
,2025-07-03,27.21,27.4,27.0,27.27,27.02,0.25,0.93,11686.4,31818.682
,2025-07-04,27.23,27.58,26.72,26.82,27.27,-0.4499999999999993,-1.65,17510.6,47321.897
,2025-07-07,26.56,26.96,26.53,26.95,26.82,0.129999999999999,0.48,9780.0,26178.875
,2025-07-08,26.98,27.72,26.7,27.65,26.95,0.6999999999999993,2.6,21974.8,60332.395
,2025-07-09,27.79,30.13,27.49,29.5,27.65,1.8500000000000008,6.69,101818.67,297916.487
,2025-07-10,29.11,29.77,28.42,29.61,29.5,0.1099999999999994,0.37,80529.48,234996.472
,2025-07-11,29.24,29.49,28.2,28.64,29.61,-0.9699999999999988,-3.28,49123.83,140464.98
,2025-07-14,28.64,30.47,28.25,30.32,28.64,1.6799999999999995,5.87,87987.23,261418.071
,2025-07-15,30.01,30.97,29.27,30.65,30.32,0.3299999999999983,1.09,90555.74,272375.471
,2025-07-16,30.09,30.52,29.6,29.7,30.65,-0.9499999999999992,-3.1,56413.84,168768.286
,2025-07-17,30.06,30.07,29.37,29.58,29.7,-0.120000000000001,-0.4,45004.83,133429.896
,2025-07-18,29.67,30.23,29.19,29.4,29.58,-0.1799999999999997,-0.61,34290.36,101216.958
,2025-07-21,29.57,29.59,29.03,29.41,29.4,0.0100000000000015,0.03,30693.4,89976.517
,2025-07-22,29.41,29.66,28.8,28.93,29.41,-0.4800000000000004,-1.63,33089.8,96239.17
,2025-07-23,29.03,29.2,28.49,29.02,28.93,0.0899999999999998,0.31,24623.85,71154.729
,2025-07-24,28.95,29.17,28.8,29.1,29.02,0.0800000000000018,0.28,21183.4,61458.098
,2025-07-25,29.1,29.28,28.81,29.28,29.1,0.1799999999999997,0.62,24937.2,72571.149
,2025-07-28,29.3,29.88,29.15,29.46,29.28,0.1799999999999997,0.61,32304.8,95201.892
,2025-07-29,29.41,31.28,29.27,31.2,29.46,1.7399999999999984,5.91,94435.66,287511.438
,2025-07-30,30.93,31.01,29.81,30.17,31.2,-1.0299999999999976,-3.3,55929.46,168862.618
,2025-07-31,30.17,30.84,29.56,29.7,30.17,-0.4700000000000024,-1.56,44748.2,134771.755
,2025-08-01,29.75,30.35,29.7,29.87,29.7,0.1700000000000017,0.57,27533.0,82575.127
,2025-08-04,29.6,30.51,29.55,30.5,29.87,0.629999999999999,2.11,32632.4,98386.867
,2025-08-05,30.5,31.04,30.18,31.02,30.5,0.5199999999999996,1.7,38475.8,117643.736
,2025-08-06,30.98,32.85,30.68,32.25,31.02,1.2300000000000004,3.97,85884.13,275606.948
,2025-08-07,32.21,32.77,31.51,31.97,32.25,-0.2800000000000011,-0.87,59618.17,190958.783
,2025-08-08,31.6,32.3,31.48,31.52,31.97,-0.4499999999999993,-1.41,34365.16,109059.109
,2025-08-11,31.5,33.1,31.31,32.57,31.52,1.0500000000000007,3.33,64456.2,209138.774
,2025-08-12,34.14,35.84,32.4,32.7,32.57,0.1300000000000025,0.4,111877.53,373920.789
,2025-08-13,32.4,34.7,32.21,33.78,32.7,1.0799999999999983,3.3,106163.22,352206.864
,2025-08-14,33.78,33.78,31.73,31.82,33.78,-1.9600000000000009,-5.8,69535.42,224621.808
,2025-08-15,31.9,32.86,31.83,32.54,31.82,0.7199999999999989,2.26,48987.57,159471.031
,2025-08-18,32.77,35.33,32.77,34.48,32.54,1.9399999999999973,5.96,88813.96,303747.914
,2025-08-19,34.5,35.8,33.83,35.22,34.48,0.740000000000002,2.15,81668.8,285334.873
,2025-08-20,34.7,36.18,34.12,35.4,35.22,0.1799999999999997,0.51,56731.4,199715.635
,2025-08-21,35.15,35.5,33.7,34.07,35.4,-1.3299999999999983,-3.76,58999.93,202168.759
,2025-08-22,33.73,34.54,33.57,33.81,34.07,-0.259999999999998,-0.76,41825.68,141700.085
,2025-08-25,34.09,34.23,33.16,33.55,33.81,-0.2600000000000051,-0.77,48240.45,162448.711
,2025-08-26,33.32,34.27,33.26,34.04,33.55,0.490000000000002,1.46,47133.41,158905.021
,2025-08-27,34.03,36.1,33.7,33.92,34.04,-0.1199999999999974,-0.35,93042.26,324430.738
,2025-08-28,33.5,34.35,32.58,34.19,33.92,0.269999999999996,0.8,56604.78,189901.227
,2025-08-29,35.59,35.97,33.87,34.33,34.19,0.1400000000000005,0.41,64714.46,224870.74
,2025-09-01,34.32,34.88,33.75,34.36,34.33,0.0300000000000011,0.09,42853.36,146677.137
,2025-09-02,34.19,34.41,32.26,33.3,34.36,-1.0600000000000025,-3.08,48975.16,161623.44
,2025-09-03,33.58,33.86,32.37,32.4,33.3,-0.8999999999999986,-2.7,26518.49,87571.326
,2025-09-04,32.58,33.62,31.08,31.56,32.4,-0.8399999999999999,-2.59,32557.8,105296.434
,2025-09-05,31.71,34.0,31.56,33.8,31.56,2.2399999999999984,7.1,53311.6,177382.022
,2025-09-08,33.8,34.44,33.25,33.85,33.8,0.0500000000000042,0.15,28863.0,97496.238
,2025-09-09,33.79,34.37,33.26,33.36,33.85,-0.490000000000002,-1.45,28726.0,96887.266
,2025-09-10,33.48,34.56,33.33,33.87,33.36,0.509999999999998,1.53,36766.63,125234.84
,2025-09-11,33.61,36.3,33.3,35.94,33.87,2.0700000000000003,6.11,73698.1,258778.177
,2025-09-12,35.61,35.61,34.66,34.91,35.94,-1.0300000000000011,-2.87,56652.2,198543.043
,2025-09-15,34.83,35.16,34.16,34.7,34.91,-0.2099999999999937,-0.6,32726.98,113285.905
,2025-09-16,35.6,38.45,35.26,37.49,34.7,2.789999999999999,8.04,118923.21,442710.71
,2025-09-17,36.79,39.48,36.71,38.31,37.49,0.8200000000000003,2.19,128308.36,493689.642
,2025-09-18,37.93,39.1,36.9,37.38,38.31,-0.9299999999999996,-2.43,90961.7,345499.72
,2025-09-19,37.38,38.13,36.48,37.01,37.38,-0.3700000000000045,-0.99,44029.69,163639.073
,2025-09-22,37.63,38.48,36.56,37.18,37.01,0.1700000000000017,0.46,58569.6,218194.032
,2025-09-23,37.25,38.48,36.55,37.56,37.18,0.3800000000000025,1.02,78576.04,294906.933
,2025-09-24,36.84,37.16,35.94,36.87,37.56,-0.6900000000000048,-1.84,55523.61,203298.568
,2025-09-25,36.83,38.13,36.72,36.86,36.87,-0.009999999999998,-0.03,49197.68,183486.399
,2025-09-26,36.58,36.9,35.73,35.75,36.86,-1.1099999999999994,-3.01,33427.72,120958.045
,2025-09-29,35.6,36.35,35.5,35.91,35.75,0.1599999999999966,0.45,22436.84,80712.972
,2025-09-30,36.0,36.1,34.8,34.95,35.91,-0.9599999999999936,-2.67,39825.6,140339.072
,2025-10-09,35.01,35.17,34.43,34.6,34.95,-0.3500000000000014,-1.0,31077.93,108325.998
,2025-10-10,34.6,34.75,33.78,33.89,34.6,-0.7100000000000009,-2.05,27506.48,93809.014
,2025-10-13,32.65,33.36,31.79,33.08,33.89,-0.8100000000000023,-2.39,30281.41,99448.458
,2025-10-14,33.3,33.93,32.3,32.45,33.08,-0.6299999999999955,-1.9,27867.92,92256.236
,2025-10-15,32.67,33.27,32.36,33.1,32.45,0.6499999999999986,2.0,18291.2,60331.769
,2025-10-16,32.81,33.55,32.61,32.79,33.1,-0.3100000000000023,-0.94,17873.71,59001.092
,2025-10-17,32.99,33.17,32.08,32.2,32.79,-0.5899999999999963,-1.8,18270.51,59592.295
,2025-10-20,32.4,33.3,32.4,33.07,32.2,0.8699999999999974,2.7,15262.49,50395.983
,2025-10-21,32.99,34.28,32.84,34.02,33.07,0.9500000000000028,2.87,22500.61,75879.311
,2025-10-22,34.0,34.82,33.66,34.38,34.02,0.3599999999999994,1.06,25130.0,86234.927
,2025-10-23,34.1,34.67,33.85,34.3,34.38,-0.0800000000000054,-0.23,18595.2,63642.27
,2025-10-24,34.28,35.99,33.98,35.4,34.3,1.1000000000000014,3.21,39919.4,139823.627
,2025-10-27,35.61,36.5,35.01,35.4,35.4,0.0,0.0,28586.6,101411.413
,2025-10-28,35.16,35.6,35.02,35.3,35.4,-0.1000000000000014,-0.28,19107.14,67398.501
,2025-10-29,35.54,35.6,34.95,35.59,35.3,0.2900000000000062,0.82,22170.73,78235.089
,2025-10-30,35.79,35.94,34.7,34.75,35.59,-0.8400000000000034,-2.36,27163.31,95574.345
,2025-10-31,34.62,35.22,34.43,34.78,34.75,0.0300000000000011,0.09,18491.64,64404.096
,2025-11-03,34.65,34.73,34.0,34.47,34.78,-0.3100000000000023,-0.89,17763.0,61100.359
,2025-11-04,34.2,34.54,33.46,33.7,34.47,-0.769999999999996,-2.23,14321.2,48554.093
,2025-11-05,33.35,33.88,33.2,33.51,33.7,-0.1900000000000048,-0.56,12942.0,43382.906
,2025-11-06,33.52,34.16,33.39,34.02,33.51,0.5100000000000051,1.52,12583.4,42646.977
,2025-11-07,34.03,34.66,33.5,34.25,34.02,0.2299999999999968,0.68,13507.2,46075.167
,2025-11-10,34.27,34.65,33.51,33.78,34.25,-0.4699999999999988,-1.37,12641.2,42847.25
,2025-11-11,33.76,34.07,33.16,33.53,33.78,-0.25,-0.74,12446.0,41796.668
,2025-11-12,33.53,33.67,32.93,33.31,33.53,-0.2199999999999988,-0.66,11638.46,38732.985
,2025-11-13,33.14,33.43,32.96,33.01,33.31,-0.3000000000000042,-0.9,11535.4,38201.477
,2025-11-14,32.9,33.17,32.6,32.6,33.01,-0.4099999999999966,-1.24,10764.26,35423.945
,2025-11-17,32.59,32.95,32.41,32.6,32.6,0.0,0.0,9630.6,31475.757
,2025-11-18,32.5,32.68,32.15,32.31,32.6,-0.2899999999999991,-0.89,11318.85,36642.008
,2025-11-19,32.31,32.57,31.02,31.2,32.31,-1.110000000000003,-3.44,16934.62,53541.314
,2025-11-20,31.64,31.99,30.95,31.52,31.2,0.3200000000000003,1.03,17067.45,53672.613
,2025-11-21,31.29,31.51,29.79,30.11,31.52,-1.41,-4.47,19377.01,58946.458
,2025-11-24,30.49,31.36,30.01,31.05,30.11,0.9400000000000012,3.12,16487.0,50788.509
,2025-11-25,31.36,32.03,31.11,31.48,31.05,0.4299999999999997,1.38,12227.0,38666.109
,2025-11-26,31.69,32.08,31.31,31.45,31.48,-0.0300000000000011,-0.1,14519.13,45983.999
,2025-11-27,31.46,32.07,31.38,31.68,31.45,0.2300000000000004,0.73,12963.27,41255.592
,2025-11-28,31.82,31.97,31.46,31.9,31.68,0.2199999999999988,0.69,9533.2,30276.949
,2025-12-01,32.04,32.76,31.8,32.44,31.9,0.5399999999999991,1.69,12974.18,42003.815
,2025-12-02,32.31,32.47,31.86,31.9,32.44,-0.5399999999999991,-1.66,9259.78,29644.043
,2025-12-03,31.83,32.16,31.45,31.5,31.9,-0.3999999999999986,-1.25,10028.09,31749.543
,2025-12-04,31.5,31.76,30.9,31.18,31.5,-0.3200000000000003,-1.02,9352.0,29252.921
,2025-12-05,31.18,33.33,31.15,32.47,31.18,1.2899999999999991,4.14,24822.88,80289.805
,2025-12-08,32.79,33.75,32.3,33.35,32.47,0.8800000000000026,2.71,28525.49,94372.261
,2025-12-09,33.42,33.79,32.91,33.37,33.35,0.019999999999996,0.06,26529.6,88623.016
,2025-12-10,33.12,33.42,32.73,33.26,33.37,-0.1099999999999994,-0.33,17785.94,58864.344
,2025-12-11,33.36,33.36,32.55,32.6,33.26,-0.6599999999999966,-1.98,15175.6,49852.34
,2025-12-12,32.73,32.95,31.96,32.32,32.6,-0.2800000000000011,-0.86,16510.6,53637.659
,2025-12-15,32.39,33.63,32.02,32.85,32.32,0.5300000000000011,1.64,23495.12,77552.857
,2025-12-16,32.6,32.84,31.92,32.0,32.85,-0.8500000000000014,-2.59,15827.37,50896.384
,2025-12-17,32.0,32.87,31.55,32.85,32.0,0.8500000000000014,2.66,19942.92,64174.026
,2025-12-18,32.61,32.97,32.45,32.46,32.85,-0.3900000000000005,-1.19,13822.8,45139.778
,2025-12-19,32.78,33.09,32.45,32.47,32.46,0.009999999999998,0.03,14105.0,46196.052
,2025-12-22,32.5,33.33,32.5,33.04,32.47,0.5700000000000003,1.76,17669.8,58395.434
,2025-12-23,32.97,33.64,32.76,33.53,33.04,0.490000000000002,1.48,23269.6,77529.022
,2025-12-24,33.36,33.97,33.0,33.65,33.53,0.1199999999999974,0.36,20111.2,67747.739
,2025-12-25,33.68,34.74,33.51,34.73,33.65,1.0799999999999983,3.21,31177.65,106599.289
,2025-12-26,34.81,36.57,34.51,34.92,34.73,0.1900000000000048,0.55,57863.03,205042.427
,2025-12-29,35.15,35.23,34.4,34.51,34.92,-0.4100000000000037,-1.17,32302.46,111985.506
,2025-12-30,34.17,34.99,34.17,34.58,34.51,0.0700000000000002,0.2,24299.73,84232.773
,2025-12-31,34.62,34.62,33.83,33.88,34.58,-0.6999999999999957,-2.02,22045.0,75202.261
,2026-01-05,33.92,34.29,33.79,34.14,33.88,0.259999999999998,0.77,21660.2,73811.392
,2026-01-06,34.14,34.18,33.53,33.86,34.14,-0.2800000000000011,-0.82,23540.6,79629.623
,2026-01-07,33.87,34.29,33.47,34.13,33.86,0.2700000000000031,0.8,20157.83,68537.767
,2026-01-08,34.11,34.55,33.79,34.45,34.13,0.3200000000000003,0.94,25363.16,86768.071
,2026-01-09,34.4,34.4,33.73,34.12,34.45,-0.3300000000000054,-0.96,28905.8,98403.278
,2026-01-12,34.2,35.7,33.74,35.39,34.12,1.2700000000000031,3.72,46992.43,163390.644
,2026-01-13,35.42,35.45,33.9,34.05,35.39,-1.3400000000000034,-3.79,35811.35,123357.376
,2026-01-14,34.09,35.43,34.08,35.34,34.05,1.2900000000000065,3.79,53543.93,186667.012
,2026-01-15,35.0,35.26,34.42,34.82,35.34,-0.5200000000000031,-1.47,26077.87,90526.507
,2026-01-16,34.88,35.92,34.45,35.65,34.82,0.8299999999999983,2.38,36934.8,130356.641
,2026-01-19,35.51,35.99,35.08,35.27,35.65,-0.3799999999999954,-1.07,25671.4,90840.875
,2026-01-20,35.27,35.49,34.17,34.65,35.27,-0.6200000000000045,-1.76,29146.35,101361.538
,2026-01-21,34.35,35.32,34.09,34.96,34.65,0.3100000000000023,0.89,22218.89,77627.341
,2026-01-22,34.88,35.61,34.7,35.43,34.96,0.4699999999999988,1.34,25699.0,90849.867
,2026-01-23,35.46,35.46,35.03,35.34,35.43,-0.0899999999999963,-0.25,22746.53,80001.573
,2026-01-26,35.4,35.66,34.37,34.49,35.34,-0.8500000000000014,-2.41,23851.68,83111.71
,2026-01-27,34.55,35.33,33.46,35.29,34.49,0.7999999999999972,2.32,28242.29,97651.469
,2026-01-28,35.29,35.4,33.72,34.1,35.29,-1.1899999999999975,-3.37,29011.27,99685.491
,2026-01-29,33.84,34.1,32.6,32.61,34.1,-1.490000000000002,-4.37,33476.8,111149.617
,2026-01-30,32.7,34.14,32.41,34.09,32.61,1.480000000000004,4.54,33234.93,110782.479
,2026-02-02,33.84,34.4,33.33,33.42,34.09,-0.6700000000000017,-1.97,20908.8,70844.05
,2026-02-03,33.61,34.73,33.42,34.71,33.42,1.2899999999999991,3.86,24420.0,83805.414
,2026-02-04,34.7,35.75,34.3,34.72,34.71,0.009999999999998,0.03,26322.2,91811.435
,2026-02-05,34.44,34.87,33.98,34.2,34.72,-0.519999999999996,-1.5,16368.0,56345.085
,2026-02-06,33.87,34.99,33.6,34.27,34.2,0.0700000000000002,0.2,21582.0,74325.314
,2026-02-09,34.7,35.23,34.46,34.88,34.27,0.6099999999999994,1.78,22236.8,77721.17
,2026-02-10,34.87,35.49,34.71,34.97,34.88,0.0899999999999963,0.26,18925.8,66434.87
,2026-02-11,34.91,35.66,34.72,35.32,34.97,0.3500000000000014,1.0,26342.34,93017.179
,2026-02-12,35.58,36.66,35.22,36.2,35.32,0.8800000000000026,2.49,44643.29,161364.899
,2026-02-13,35.98,36.48,35.73,35.75,36.2,-0.4500000000000028,-1.24,27109.48,97917.326
,2026-02-24,36.32,36.77,35.7,36.2,35.75,0.4500000000000028,1.26,24603.78,89214.813
,2026-02-25,36.34,36.5,35.91,36.2,36.2,0.0,0.0,25348.4,91673.438
,2026-02-26,36.25,37.1,35.96,37.08,36.2,0.8799999999999955,2.43,32517.0,119771.076
,2026-02-27,36.75,36.83,36.11,36.3,37.08,-0.7800000000000011,-2.1,25214.8,91664.579
,2026-03-02,35.9,36.5,35.4,35.85,36.3,-0.4499999999999957,-1.24,31299.28,112596.937
,2026-03-03,36.3,36.69,34.95,34.95,35.85,-0.8999999999999986,-2.51,37070.71,133235.478
,2026-03-04,34.55,35.38,34.3,34.8,34.95,-0.1500000000000056,-0.43,21281.14,74200.375
,2026-03-05,35.63,36.28,34.95,35.15,34.8,0.3500000000000014,1.01,21621.82,77275.518
,2026-03-06,35.5,38.29,35.5,37.06,35.15,1.910000000000004,5.43,57930.21,213892.761
,2026-03-09,36.35,36.8,35.12,36.22,37.06,-0.8400000000000034,-2.27,43495.0,156067.231
,2026-03-10,36.69,38.25,36.69,38.08,36.22,1.86,5.14,47668.41,180177.375
,2026-03-11,38.0,39.28,37.89,38.25,38.08,0.1700000000000017,0.45,57763.4,222455.918
,2026-03-12,38.26,38.3,36.75,37.1,38.25,-1.1499999999999986,-3.01,32889.29,123000.1
,2026-03-13,36.99,37.26,36.2,36.6,37.1,-0.5,-1.35,39282.95,144211.252
,2026-03-16,36.3,38.99,35.9,38.78,36.6,2.18,5.96,61953.81,234538.817
,2026-03-17,38.21,38.53,37.0,37.3,38.78,-1.480000000000004,-3.82,54162.2,203639.958
,2026-03-18,37.4,39.34,37.08,38.85,37.3,1.5500000000000045,4.16,82446.82,318821.821
,2026-03-19,38.08,40.73,37.99,39.44,38.85,0.5899999999999963,1.52,105350.06,416783.088
,2026-03-20,40.23,41.48,37.56,37.6,39.44,-1.8399999999999963,-4.67,99724.98,390958.088
,2026-03-23,36.01,36.58,34.71,35.07,37.6,-2.530000000000001,-6.73,68530.43,244225.816
,2026-03-24,35.62,36.7,34.46,36.49,35.07,1.4200000000000017,4.05,53771.77,191239.777
,2026-03-25,37.51,43.79,37.51,43.79,36.49,7.299999999999997,20.01,77760.37,333151.404
,2026-03-26,42.58,43.35,40.39,40.58,43.79,-3.210000000000001,-7.33,142184.2,590614.632
,2026-03-27,40.02,42.46,39.62,41.62,40.58,1.0399999999999991,2.56,135397.07,558951.292
,2026-03-30,40.52,41.5,39.77,41.37,41.62,-0.25,-0.6,85892.66,349089.822
,2026-03-31,40.5,40.67,38.88,38.98,41.37,-2.390000000000001,-5.78,80515.81,318202.074
,2026-04-01,39.99,42.39,39.66,40.0,38.98,1.0200000000000031,2.62,94211.66,383076.011
,2026-04-02,39.5,40.8,38.35,38.69,40.0,-1.3100000000000025,-3.28,69595.23,274158.455
,2026-04-03,39.66,42.78,39.46,39.87,38.69,1.1799999999999995,3.05,92649.94,375570.267
,2026-04-07,39.88,41.67,39.88,41.54,39.87,1.6700000000000017,4.19,103397.12,424115.925
,2026-04-08,42.39,43.57,41.12,43.49,41.54,1.9500000000000028,4.69,125610.37,535824.817
,2026-04-09,42.48,43.18,41.95,42.52,43.49,-0.9699999999999988,-2.23,86759.11,367954.168
,2026-04-10,42.97,45.0,42.26,45.0,42.52,2.479999999999997,5.83,121360.88,530113.701
,2026-04-13,44.25,47.6,43.89,46.59,45.0,1.5900000000000034,3.53,115343.63,530380.253
,2026-04-14,45.76,48.5,44.58,48.5,46.59,1.9099999999999968,4.1,111081.53,512547.437
,2026-04-15,47.95,47.95,44.12,44.5,48.5,-4.0,-8.25,101537.18,466868.532
,2026-04-16,43.99,47.8,43.68,45.65,44.5,1.1499999999999986,2.58,94110.51,430039.805
,2026-04-17,45.0,46.79,44.88,45.36,45.65,-0.2899999999999991,-0.64,79903.1,364075.312
,2026-04-20,45.12,47.2,44.98,47.12,45.36,1.759999999999998,3.88,91427.14,422953.297
,2026-04-21,46.35,46.97,45.61,46.02,47.12,-1.0999999999999943,-2.33,58626.4,269968.508
,2026-04-22,45.74,46.3,44.71,45.54,46.02,-0.480000000000004,-1.04,59937.08,271926.957
,2026-04-23,45.55,45.55,42.42,42.57,45.54,-2.969999999999999,-6.52,77488.89,335832.77
,2026-04-24,42.46,42.92,41.29,41.56,42.57,-1.009999999999998,-2.37,45755.55,191211.881
,2026-04-27,41.8,42.59,41.31,42.2,41.56,0.6400000000000006,1.54,35983.53,151200.51
,2026-04-28,41.75,41.88,39.83,40.2,42.2,-2.0,-4.74,41562.75,168087.985
,2026-04-29,39.9,40.73,39.68,40.26,40.2,0.0599999999999951,0.15,29434.57,118907.461
,2026-04-30,40.3,40.56,39.46,40.08,40.26,-0.1799999999999997,-0.45,27052.47,108109.538
,2026-05-06,40.96,41.99,40.71,41.74,40.08,1.6600000000000037,4.14,51224.17,212411.125
,2026-05-07,41.89,42.96,41.39,42.69,41.74,0.9499999999999956,2.28,51221.47,216461.422
,2026-05-08,42.01,42.94,41.81,42.93,42.69,0.240000000000002,0.56,40750.97,172999.208
,2026-05-11,43.14,43.64,42.51,43.4,42.93,0.46999999999999886,1.09,50890.61,219861.593
