ts_code,date,open,high,low,close,pre_close,change,pct_chg,volume,amount
,2024-01-02,8.31,8.42,7.73,7.87,7.53,0.3399999999999998,4.52,50305.73,63180.462
,2024-01-03,8.09,8.09,7.65,7.92,7.87,0.0499999999999998,0.64,24935.61,30211.573
,2024-01-04,7.99,8.6,7.96,8.38,7.92,0.4600000000000008,5.81,41698.37,53653.066
,2024-01-05,8.23,8.36,7.51,7.51,8.38,-0.870000000000001,-10.38,37959.2,46501.593
,2024-01-08,7.47,7.7,7.0,7.02,7.51,-0.4900000000000002,-6.52,23972.02,27024.331
,2024-01-09,7.01,7.13,6.53,6.79,7.02,-0.2299999999999995,-3.28,19836.97,20810.414
,2024-01-10,6.96,7.05,6.74,6.94,6.79,0.1500000000000003,2.21,9689.41,10262.013
,2024-01-11,6.94,6.99,6.65,6.92,6.94,-0.0200000000000004,-0.29,12659.45,13322.457
,2024-01-12,7.02,7.02,6.21,6.21,6.92,-0.71,-10.26,16967.01,17083.089
,2024-01-15,6.03,6.28,5.94,6.0,6.21,-0.2099999999999999,-3.38,9071.42,8491.139
,2024-01-16,6.08,6.34,5.64,6.31,6.0,0.3099999999999996,5.17,21595.57,20224.471
,2024-01-17,6.23,6.59,6.21,6.22,6.31,-0.0899999999999998,-1.43,17407.68,17079.933
,2024-01-18,6.22,6.5,6.13,6.45,6.22,0.2300000000000004,3.7,16437.11,16004.224
,2024-01-19,6.46,6.77,6.46,6.7,6.45,0.25,3.88,14020.89,14377.247
,2024-01-22,6.67,6.72,6.21,6.3,6.7,-0.4000000000000003,-5.97,12054.58,12055.577
,2024-01-23,6.26,6.48,6.11,6.45,6.3,0.1500000000000003,2.38,10201.09,9956.377
,2024-01-24,6.44,6.59,6.13,6.47,6.45,0.0199999999999995,0.31,9655.57,9530.422
,2024-01-25,6.42,6.61,6.22,6.42,6.47,-0.0499999999999998,-0.77,10256.84,10180.126
,2024-01-26,6.42,6.58,6.32,6.34,6.42,-0.08,-1.25,5938.99,5896.711
,2024-01-29,6.46,6.49,5.71,5.84,6.34,-0.5,-7.89,13565.59,12581.715
,2024-01-30,5.89,5.92,5.52,5.52,5.84,-0.3200000000000003,-5.48,12659.86,11026.684
,2024-01-31,5.57,5.8,5.5,5.71,5.52,0.1900000000000004,3.44,11755.31,10218.784
,2024-02-01,5.61,5.7,5.25,5.39,5.71,-0.3200000000000003,-5.6,13549.68,11414.562
,2024-02-02,5.43,5.5,4.98,5.15,5.39,-0.2399999999999993,-4.45,16604.58,13305.355
,2024-02-05,5.12,5.31,4.82,5.05,5.15,-0.1000000000000005,-1.94,13813.81,10736.427
,2024-02-06,5.1,5.58,5.01,5.52,5.05,0.4699999999999997,9.31,10235.11,8527.516
,2024-02-07,5.5,5.94,5.34,5.56,5.52,0.04,0.72,11849.21,10390.76
,2024-02-08,5.62,5.93,5.32,5.9,5.56,0.3400000000000007,6.12,10642.85,9364.135
,2024-02-19,5.96,6.12,5.76,5.97,5.9,0.0699999999999994,1.19,8430.73,7717.009
,2024-02-20,5.93,6.15,5.78,6.1,5.97,0.1299999999999999,2.18,5941.75,5534.992
,2024-02-21,6.03,6.2,5.87,6.08,6.1,-0.0199999999999995,-0.33,9511.07,8921.904
,2024-02-22,6.02,6.13,5.98,5.98,6.08,-0.0999999999999996,-1.64,6164.68,5745.154
,2024-02-23,6.0,6.03,5.77,5.82,5.98,-0.1600000000000001,-2.68,6797.15,6154.062
,2024-02-26,5.87,6.0,5.69,5.86,5.82,0.04,0.69,5330.16,4790.607
,2024-02-27,5.87,6.17,5.8,6.17,5.86,0.3099999999999996,5.29,9606.97,8975.188
,2024-02-28,6.22,6.34,5.95,5.95,6.17,-0.2199999999999997,-3.57,10034.3,9515.326
,2024-02-29,5.95,6.11,5.91,6.1,5.95,0.1499999999999994,2.52,6800.85,6320.77
,2024-03-01,6.16,6.96,6.08,6.74,6.1,0.6400000000000006,10.49,28990.64,29380.88
,2024-03-04,6.44,6.65,6.24,6.35,6.74,-0.3900000000000005,-5.79,25685.02,25324.369
,2024-03-05,6.39,6.51,6.11,6.35,6.35,0.0,0.0,16542.01,16149.569
,2024-03-06,6.37,6.6,6.3,6.48,6.35,0.1300000000000007,2.05,8811.35,8757.203
,2024-03-07,6.53,6.55,6.21,6.28,6.48,-0.2000000000000001,-3.09,9257.45,9076.067
,2024-03-08,6.26,6.31,6.11,6.2,6.28,-0.08,-1.27,5001.71,4779.824
,2024-03-11,6.19,6.26,6.13,6.22,6.2,0.0199999999999995,0.32,5566.47,5324.962
,2024-03-12,6.24,6.24,6.04,6.09,6.22,-0.1299999999999999,-2.09,5955.01,5636.57
,2024-03-13,6.13,6.13,5.95,6.08,6.09,-0.0099999999999997,-0.16,3661.11,3396.237
,2024-03-14,6.02,6.1,5.91,5.95,6.08,-0.1299999999999999,-2.14,1828.78,1691.378
,2024-03-15,5.95,6.33,5.95,6.22,5.95,0.2699999999999996,4.54,9345.59,8914.963
,2024-03-18,6.22,6.26,5.96,6.24,6.22,0.0200000000000004,0.32,8041.17,7621.112
,2024-03-19,6.26,6.28,6.09,6.18,6.24,-0.0600000000000005,-0.96,4943.15,4724.164
,2024-03-20,6.19,6.22,6.05,6.2,6.18,0.0200000000000004,0.32,3558.05,3388.267
,2024-03-21,6.21,6.21,6.04,6.08,6.2,-0.1200000000000001,-1.94,3620.62,3394.914
,2024-03-22,6.11,6.11,5.97,5.98,6.08,-0.0999999999999996,-1.64,2557.59,2372.765
,2024-03-25,6.01,6.01,5.88,5.95,5.98,-0.0300000000000002,-0.5,4138.91,3776.776
,2024-03-26,5.91,5.99,5.79,5.83,5.95,-0.1200000000000001,-2.02,2862.97,2580.437
,2024-03-27,5.88,6.02,5.79,5.87,5.83,0.04,0.69,2704.61,2488.591
,2024-03-28,5.82,6.0,5.8,5.94,5.87,0.0700000000000002,1.19,1564.09,1424.743
,2024-03-29,5.98,6.08,5.89,6.03,5.94,0.0899999999999998,1.52,2443.29,2246.567
,2024-04-01,6.02,6.03,5.91,5.95,6.03,-0.08,-1.33,5289.55,4869.436
,2024-04-02,5.97,6.01,5.84,5.93,5.95,-0.0200000000000004,-0.34,3259.62,2980.286
,2024-04-03,5.9,5.95,5.82,5.91,5.93,-0.0199999999999995,-0.34,2364.46,2143.257
,2024-04-08,5.87,5.95,5.74,5.74,5.91,-0.1699999999999999,-2.88,2180.28,1960.415
,2024-04-09,5.78,5.84,5.73,5.8,5.74,0.0599999999999996,1.05,1145.61,1022.395
,2024-04-10,5.76,6.0,5.72,5.87,5.8,0.0700000000000002,1.21,3113.34,2838.769
,2024-04-11,5.82,5.91,5.6,5.85,5.87,-0.0200000000000004,-0.34,2506.89,2248.292
,2024-04-12,5.85,5.89,5.78,5.84,5.85,-0.0099999999999997,-0.17,1106.81,999.993
,2024-04-15,5.84,5.95,5.74,5.78,5.84,-0.0599999999999996,-1.03,1328.39,1190.373
,2024-04-16,5.84,5.89,5.59,5.6,5.78,-0.1800000000000006,-3.11,2671.58,2359.395
,2024-04-17,5.65,5.83,5.65,5.8,5.6,0.2000000000000001,3.57,2900.74,2584.837
,2024-04-18,5.78,5.89,5.71,5.84,5.8,0.04,0.69,2751.18,2466.916
,2024-04-19,5.78,5.94,5.65,5.89,5.84,0.0499999999999998,0.86,4473.5,3985.339
,2024-04-22,5.89,5.89,5.66,5.74,5.89,-0.1499999999999994,-2.55,5939.6,5237.534
,2024-04-23,5.7,5.8,5.7,5.74,5.74,0.0,0.0,1724.1,1524.023
,2024-04-24,5.69,5.79,5.62,5.67,5.74,-0.0700000000000002,-1.22,3417.03,2993.626
,2024-04-25,5.66,5.74,5.64,5.69,5.67,0.0200000000000004,0.35,2094.07,1831.305
,2024-04-26,5.64,5.71,5.6,5.67,5.69,-0.0200000000000004,-0.35,1724.92,1504.515
,2024-04-29,5.63,5.79,5.63,5.74,5.67,0.0700000000000002,1.23,3281.48,2899.209
,2024-04-30,5.7,5.83,5.66,5.76,5.74,0.0199999999999995,0.35,2487.16,2137.978
,2024-05-06,5.78,5.93,5.76,5.84,5.76,0.08,1.39,3486.45,3041.138
,2024-05-07,5.89,5.9,5.75,5.87,5.84,0.0300000000000002,0.51,2189.36,1919.076
,2024-05-08,5.85,6.09,5.85,6.08,5.87,0.2099999999999999,3.58,5891.22,5305.626
,2024-05-09,6.1,6.13,5.94,6.04,6.08,-0.04,-0.66,3105.92,2821.143
,2024-05-10,6.04,6.06,5.88,5.96,6.04,-0.08,-1.32,1576.87,1410.387
,2024-05-13,5.91,5.97,5.88,5.9,5.96,-0.0599999999999996,-1.01,1940.14,1727.246
,2024-05-14,5.95,5.96,5.86,5.87,5.9,-0.0300000000000002,-0.51,1596.45,1412.764
,2024-05-15,5.84,5.84,5.75,5.77,5.87,-0.1000000000000005,-1.7,1657.11,1443.048
,2024-05-16,5.77,5.81,5.64,5.66,5.77,-0.1099999999999994,-1.91,2964.89,2533.825
,2024-05-17,5.66,5.7,5.56,5.66,5.66,0.0,0.0,3327.02,2805.488
,2024-05-20,5.7,5.7,5.55,5.56,5.66,-0.1000000000000005,-1.77,2324.32,1950.417
,2024-05-21,5.56,5.56,5.4,5.5,5.56,-0.0599999999999996,-1.08,1899.37,1558.074
,2024-05-22,5.51,5.59,5.5,5.59,5.5,0.0899999999999998,1.64,1318.22,1095.029
,2024-05-23,5.63,6.28,5.41,6.15,5.59,0.5600000000000005,10.02,39570.46,35770.983
,2024-05-24,6.03,6.16,5.91,5.92,6.15,-0.2300000000000004,-3.74,5974.93,5387.502
,2024-05-27,5.91,5.98,5.83,5.91,5.92,-0.0099999999999997,-0.17,1878.88,1657.061
,2024-05-28,5.86,6.07,5.81,5.9,5.91,-0.0099999999999997,-0.17,1898.87,1693.608
,2024-05-29,5.85,6.0,5.82,5.98,5.9,0.08,1.36,3603.93,3207.577
,2024-05-30,5.98,6.0,5.8,5.86,5.98,-0.1200000000000001,-2.01,1201.78,1062.397
,2024-05-31,5.81,5.88,5.76,5.82,5.86,-0.04,-0.68,963.14,843.978
,2024-06-03,5.79,5.83,5.56,5.66,5.82,-0.1600000000000001,-2.75,2330.26,1987.292
,2024-06-04,5.65,5.72,5.62,5.68,5.66,0.0199999999999995,0.35,1062.92,901.223
,2024-06-05,5.72,5.72,5.58,5.58,5.68,-0.0999999999999996,-1.76,1871.46,1583.283
,2024-06-06,5.62,5.62,5.4,5.49,5.58,-0.0899999999999998,-1.61,3762.36,3119.31
,2024-06-07,5.52,5.58,5.46,5.52,5.49,0.0299999999999993,0.55,2106.58,1742.369
,2024-06-11,5.52,5.52,5.33,5.5,5.52,-0.0199999999999995,-0.36,830.22,678.556
,2024-06-12,5.51,5.61,5.46,5.58,5.5,0.08,1.45,647.72,538.978
,2024-06-13,5.62,5.62,5.5,5.57,5.58,-0.0099999999999997,-0.18,1029.02,855.608
,2024-06-14,5.6,5.6,5.46,5.56,5.57,-0.0100000000000006,-0.18,1256.87,1044.99
,2024-06-17,5.6,5.6,5.46,5.5,5.56,-0.0599999999999996,-1.08,1074.87,886.206
,2024-06-18,5.52,6.16,5.44,5.73,5.5,0.2300000000000004,4.18,6403.97,5518.448
,2024-06-19,5.66,5.88,5.5,5.74,5.73,0.0099999999999997,0.17,6672.39,5646.32
,2024-06-20,5.59,5.86,5.54,5.74,5.74,0.0,0.0,6001.75,5131.201
,2024-06-21,5.78,5.99,5.68,5.83,5.74,0.0899999999999998,1.57,5764.29,5086.654
,2024-06-24,5.76,5.88,5.41,5.44,5.83,-0.3899999999999997,-6.69,6317.04,5281.267
,2024-06-25,5.48,5.58,5.38,5.42,5.44,-0.0200000000000004,-0.37,1988.78,1629.961
,2024-06-26,5.46,5.49,5.36,5.47,5.42,0.0499999999999998,0.92,2649.54,2147.213
,2024-06-27,5.48,5.48,5.34,5.37,5.47,-0.0999999999999996,-1.83,1541.21,1245.226
,2024-06-28,5.39,5.48,5.26,5.38,5.37,0.0099999999999997,0.19,2270.9,1841.682
,2024-07-01,5.4,5.4,5.33,5.39,5.38,0.0099999999999997,0.19,1161.67,934.613
,2024-07-02,5.37,5.44,5.36,5.36,5.39,-0.0299999999999993,-0.56,757.57,614.646
,2024-07-03,5.33,5.35,5.26,5.27,5.36,-0.0900000000000007,-1.68,2553.79,2028.119
,2024-07-04,5.22,5.32,5.16,5.19,5.27,-0.0799999999999991,-1.52,1662.12,1301.205
,2024-07-05,5.19,5.36,5.08,5.1,5.19,-0.0900000000000007,-1.73,6282.36,4864.044
,2024-07-08,5.09,5.09,4.9,4.9,5.1,-0.1999999999999993,-3.92,1820.39,1364.234
,2024-07-09,4.88,4.94,4.73,4.85,4.9,-0.0500000000000007,-1.02,5302.16,3830.744
,2024-07-10,4.9,4.9,4.75,4.77,4.85,-0.08,-1.65,4381.83,3171.95
,2024-07-11,4.84,4.9,4.74,4.84,4.77,0.0700000000000002,1.47,7985.48,5762.007
,2024-07-12,4.86,4.86,4.78,4.84,4.84,0.0,0.0,3072.73,2228.465
,2024-07-15,4.8,4.83,4.76,4.79,4.84,-0.0499999999999998,-1.03,1822.84,1310.554
,2024-07-16,4.75,5.04,4.72,5.0,4.79,0.2099999999999999,4.38,6163.38,4535.793
,2024-07-17,5.04,5.46,4.99,5.43,5.0,0.4299999999999997,8.6,11185.09,8923.928
,2024-07-18,5.43,5.43,5.13,5.17,5.43,-0.2599999999999998,-4.79,6665.75,5222.402
,2024-07-19,5.12,5.29,5.12,5.13,5.17,-0.04,-0.77,3990.04,3109.084
,2024-07-22,5.18,5.25,5.12,5.21,5.13,0.08,1.56,2224.58,1738.261
,2024-07-23,5.23,5.64,5.18,5.22,5.21,0.0099999999999997,0.19,6112.82,4991.583
,2024-07-24,5.26,5.35,5.16,5.17,5.22,-0.0499999999999998,-0.96,4759.36,3714.121
,2024-07-25,5.13,5.26,5.1,5.22,5.17,0.0499999999999998,0.97,1477.7,1154.901
,2024-07-26,5.24,5.32,5.18,5.28,5.22,0.0600000000000005,1.15,1415.94,1121.546
,2024-07-29,5.24,5.51,5.24,5.42,5.28,0.1399999999999996,2.65,2849.91,2306.043
,2024-07-30,5.38,5.56,5.36,5.46,5.42,0.04,0.74,2040.1,1665.027
,2024-07-31,5.42,5.57,5.42,5.54,5.46,0.08,1.47,2194.68,1812.569
,2024-08-01,5.5,5.58,5.41,5.5,5.54,-0.04,-0.72,1209.34,1000.99
,2024-08-02,5.51,5.54,5.42,5.46,5.5,-0.04,-0.73,1426.79,1170.88
,2024-08-05,5.41,5.52,5.26,5.28,5.46,-0.1799999999999997,-3.3,1794.37,1443.987
,2024-08-06,5.33,5.38,5.25,5.3,5.28,0.0199999999999995,0.38,665.79,530.607
,2024-08-07,5.28,5.58,5.28,5.46,5.3,0.1600000000000001,3.02,6603.45,5431.387
,2024-08-08,5.41,5.48,5.33,5.33,5.46,-0.1299999999999999,-2.38,4672.39,3782.86
,2024-08-09,5.38,5.46,5.3,5.36,5.33,0.0300000000000002,0.56,1301.37,1043.307
,2024-08-12,5.36,5.55,5.36,5.48,5.36,0.1200000000000001,2.24,3924.53,3236.445
,2024-08-13,5.43,5.92,5.36,5.76,5.48,0.2799999999999993,5.11,8053.69,6864.75
,2024-08-14,5.7,5.98,5.56,5.68,5.76,-0.08,-1.39,6748.13,5838.806
,2024-08-15,5.7,5.7,5.43,5.57,5.68,-0.1099999999999994,-1.94,4705.11,3907.849
,2024-08-16,5.55,5.61,5.44,5.48,5.57,-0.0899999999999998,-1.62,1601.22,1317.561
,2024-08-19,5.48,5.53,5.44,5.5,5.48,0.0199999999999995,0.36,1299.25,1073.359
,2024-08-20,5.69,5.77,5.47,5.5,5.5,0.0,0.0,2195.51,1846.398
,2024-08-21,5.44,5.46,5.38,5.46,5.5,-0.04,-0.73,1728.22,1405.786
,2024-08-22,5.46,5.46,5.28,5.4,5.46,-0.0599999999999996,-1.1,2854.74,2300.71
,2024-08-23,5.4,5.44,5.28,5.34,5.4,-0.0600000000000005,-1.11,1498.06,1206.289
,2024-08-26,5.37,5.37,5.16,5.19,5.34,-0.1499999999999994,-2.81,3945.15,3113.198
,2024-08-27,5.14,5.24,5.13,5.24,5.19,0.0499999999999998,0.96,2717.15,2110.911
,2024-08-28,5.22,5.28,5.18,5.24,5.24,0.0,0.0,1016.69,798.304
,2024-08-29,5.24,5.31,5.2,5.27,5.24,0.0299999999999993,0.57,923.79,728.077
,2024-08-30,5.26,5.43,5.22,5.38,5.27,0.1100000000000003,2.09,1994.3,1601.077
,2024-09-02,5.35,5.4,5.33,5.33,5.38,-0.0499999999999998,-0.93,607.21,487.832
,2024-09-03,5.34,5.41,5.29,5.35,5.33,0.0199999999999995,0.38,551.26,444.92
,2024-09-04,5.35,5.36,5.3,5.32,5.35,-0.0299999999999993,-0.56,284.83,227.623
,2024-09-05,5.27,5.36,5.27,5.3,5.32,-0.0200000000000004,-0.38,1267.83,1008.42
,2024-09-06,5.28,5.32,5.24,5.28,5.3,-0.0199999999999995,-0.38,632.75,500.84
,2024-09-09,5.32,5.4,5.24,5.34,5.28,0.0599999999999996,1.14,2568.76,2060.263
,2024-09-10,5.38,5.41,5.31,5.39,5.34,0.0499999999999998,0.94,1181.41,956.21
,2024-09-11,5.44,5.44,5.35,5.41,5.39,0.0200000000000004,0.37,888.04,718.451
,2024-09-12,5.36,5.46,5.3,5.37,5.41,-0.04,-0.74,1429.41,1153.665
,2024-09-13,5.33,5.46,5.32,5.45,5.37,0.08,1.49,1659.81,1345.348
,2024-09-18,5.41,5.41,5.3,5.36,5.45,-0.0899999999999998,-1.65,1455.68,1165.881
,2024-09-19,5.34,5.42,5.31,5.36,5.36,0.0,0.0,600.65,485.51
,2024-09-20,5.32,5.38,5.32,5.38,5.36,0.0199999999999995,0.37,1089.88,874.526
,2024-09-23,5.4,5.47,5.37,5.38,5.38,0.0,0.0,484.12,385.059
,2024-09-24,5.35,5.56,5.35,5.5,5.38,0.1200000000000001,2.23,796.44,642.321
,2024-09-25,5.55,5.68,5.5,5.55,5.5,0.0499999999999998,0.91,3775.06,3112.882
,2024-09-26,5.52,5.7,5.47,5.64,5.55,0.0899999999999998,1.62,2257.36,1870.173
,2024-09-27,5.7,6.18,5.68,6.0,5.64,0.3600000000000003,6.38,9675.98,8559.101
,2024-09-30,6.18,7.1,6.13,6.99,6.0,0.9900000000000002,16.5,33038.28,32732.331
,2024-10-08,8.52,8.76,7.1,8.14,6.99,1.1500000000000004,16.45,37610.36,43553.959
,2024-10-09,7.56,7.66,6.94,6.95,8.14,-1.1900000000000004,-14.62,19351.99,20646.29
,2024-10-10,6.97,7.25,6.7,6.82,6.95,-0.1299999999999999,-1.87,9544.72,9774.079
,2024-10-11,6.78,6.85,6.25,6.33,6.82,-0.4900000000000002,-7.18,10059.63,9676.051
,2024-10-14,6.4,6.7,6.3,6.64,6.33,0.3099999999999996,4.9,5099.46,4888.354
,2024-10-15,6.57,6.78,6.49,6.6,6.64,-0.04,-0.6,6555.72,6414.534
,2024-10-16,6.57,6.91,6.49,6.82,6.6,0.2200000000000006,3.33,6579.28,6569.285
,2024-10-17,6.93,7.59,6.92,7.13,6.82,0.3099999999999996,4.55,17985.89,19285.386
,2024-10-18,7.06,7.65,6.97,7.48,7.13,0.3500000000000005,4.91,19882.83,21730.992
,2024-10-21,7.67,8.29,7.67,8.17,7.48,0.6899999999999995,9.22,32254.75,38155.978
,2024-10-22,8.71,9.22,7.82,8.01,8.17,-0.1600000000000001,-1.96,44920.08,56500.955
,2024-10-23,7.69,8.27,7.48,7.88,8.01,-0.1299999999999999,-1.62,25775.25,29905.388
,2024-10-24,7.84,8.68,7.84,8.66,7.88,0.7800000000000002,9.9,29127.31,35196.048
,2024-10-25,8.66,9.21,8.47,8.52,8.66,-0.1400000000000005,-1.62,41220.65,54231.084
,2024-10-28,8.68,9.01,8.12,8.96,8.52,0.4400000000000013,5.16,33885.1,43305.839
,2024-10-29,9.13,9.49,8.92,9.34,8.96,0.379999999999999,4.24,38658.44,52609.939
,2024-10-30,9.47,9.64,8.75,9.07,9.34,-0.2699999999999996,-2.89,28991.46,39438.504
,2024-10-31,9.18,9.29,8.39,8.61,9.07,-0.4600000000000008,-5.07,21381.87,27623.228
,2024-11-01,8.5,8.68,8.03,8.37,8.61,-0.2400000000000002,-2.79,16488.63,20306.769
,2024-11-04,8.35,8.86,8.23,8.85,8.37,0.4800000000000004,5.73,15089.61,19052.109
,2024-11-05,8.9,9.45,8.9,9.3,8.85,0.450000000000001,5.08,38418.15,52414.737
,2024-11-06,9.37,9.85,9.24,9.7,9.3,0.3999999999999986,4.3,52143.67,73877.817
,2024-11-07,9.81,10.99,9.44,10.52,9.7,0.8200000000000003,8.45,61241.83,93543.033
,2024-11-08,10.76,10.79,9.73,9.86,10.52,-0.6600000000000001,-6.27,42505.67,63768.122
,2024-11-11,9.68,9.85,9.09,9.63,9.86,-0.2299999999999986,-2.33,26338.19,36674.307
,2024-11-12,10.01,10.15,9.17,9.37,9.63,-0.2600000000000015,-2.7,25392.04,36165.335
,2024-11-13,9.27,9.47,8.87,9.43,9.37,0.0600000000000005,0.64,19865.05,26825.987
,2024-11-14,9.41,9.62,9.11,9.18,9.43,-0.25,-2.65,20602.27,28413.885
,2024-11-15,9.28,9.64,8.88,9.3,9.18,0.120000000000001,1.31,24764.0,33877.07
,2024-11-18,9.36,10.36,9.15,9.9,9.3,0.5999999999999996,6.45,38722.71,55703.177
,2024-11-19,9.93,9.96,8.69,9.34,9.9,-0.5600000000000005,-5.66,28690.22,38910.948
,2024-11-20,9.26,9.91,9.09,9.91,9.34,0.5700000000000003,6.1,28799.64,40628.761
,2024-11-21,9.84,10.56,9.78,10.34,9.91,0.4299999999999997,4.34,46032.52,69239.481
,2024-11-22,10.47,10.55,9.96,9.98,10.34,-0.3599999999999994,-3.48,34047.51,51214.945
,2024-11-25,9.9,9.98,9.38,9.71,9.98,-0.2699999999999996,-2.71,16741.57,23662.307
,2024-11-26,9.68,9.89,9.28,9.3,9.71,-0.4100000000000001,-4.22,14731.98,20899.538
,2024-11-27,9.11,9.3,8.69,9.3,9.3,0.0,0.0,23020.35,30475.166
,2024-11-28,9.44,10.06,9.34,9.72,9.3,0.4199999999999999,4.52,34767.36,50119.31
,2024-11-29,9.81,11.41,9.81,10.82,9.72,1.0999999999999996,11.32,65879.53,103233.708
,2024-12-02,10.88,11.02,10.53,10.74,10.82,-0.08,-0.74,33013.47,52168.614
,2024-12-03,10.67,10.98,10.47,10.84,10.74,0.0999999999999996,0.93,23420.53,36791.463
,2024-12-04,10.84,10.84,10.2,10.26,10.84,-0.5800000000000001,-5.35,32411.3,50175.675
,2024-12-05,10.32,10.32,10.02,10.25,10.26,-0.0099999999999997,-0.1,22168.6,33038.288
,2024-12-06,10.41,10.51,10.12,10.23,10.25,-0.0199999999999995,-0.2,17555.87,26569.604
,2024-12-09,9.98,10.01,9.38,9.38,10.23,-0.8499999999999996,-8.31,22018.6,31353.252
,2024-12-10,9.81,9.98,9.43,9.46,9.38,0.08,0.85,19603.75,28178.17
,2024-12-11,9.46,9.52,9.2,9.25,9.46,-0.2100000000000008,-2.22,9761.49,13459.279
,2024-12-12,9.21,9.43,8.89,9.28,9.25,0.0299999999999993,0.32,10177.15,13691.956
,2024-12-13,9.16,9.5,9.13,9.24,9.28,-0.0399999999999991,-0.43,7213.05,9926.902
,2024-12-16,9.24,9.37,8.76,8.83,9.24,-0.4100000000000001,-4.44,8081.38,10722.953
,2024-12-17,8.81,8.9,8.4,8.49,8.83,-0.3399999999999998,-3.85,9916.75,12518.309
,2024-12-18,8.41,8.6,8.26,8.28,8.49,-0.2100000000000008,-2.47,6546.64,8121.179
,2024-12-19,8.34,8.64,8.01,8.54,8.28,0.2599999999999998,3.14,11437.0,13916.099
,2024-12-20,8.5,8.65,8.39,8.43,8.54,-0.1099999999999994,-1.29,6831.01,8578.49
,2024-12-23,8.41,8.63,8.16,8.24,8.43,-0.1899999999999995,-2.25,8670.87,10706.575
,2024-12-24,8.33,8.48,8.1,8.41,8.24,0.1699999999999999,2.06,8393.04,10279.479
,2024-12-25,8.41,8.53,7.98,8.15,8.41,-0.2599999999999998,-3.09,10790.37,13002.483
,2024-12-26,8.01,8.25,8.01,8.14,8.15,-0.0099999999999997,-0.12,8447.59,10173.679
,2024-12-27,8.16,8.35,8.04,8.16,8.14,0.0199999999999995,0.25,6994.14,8479.365
,2024-12-30,8.09,8.19,7.98,8.07,8.16,-0.0899999999999998,-1.1,5030.05,5951.614
,2024-12-31,8.07,8.3,7.99,7.99,8.07,-0.08,-0.99,5574.81,6684.136
,2025-01-02,7.98,8.07,7.58,7.84,7.99,-0.1500000000000003,-1.88,6634.61,7672.382
,2025-01-03,7.86,7.86,7.63,7.63,7.84,-0.2099999999999999,-2.68,6868.13,7838.305
,2025-01-06,7.63,7.75,7.48,7.59,7.63,-0.04,-0.52,4399.89,4930.806
,2025-01-07,7.66,7.76,7.5,7.75,7.59,0.1600000000000001,2.11,5001.33,5608.333
,2025-01-08,7.68,8.0,7.56,7.98,7.75,0.2300000000000004,2.97,8622.83,9863.729
,2025-01-09,7.88,8.17,7.88,8.05,7.98,0.0700000000000002,0.88,9062.5,10771.4
,2025-01-10,7.95,8.01,7.67,7.67,8.05,-0.3800000000000008,-4.72,6541.98,7596.391
,2025-01-13,7.61,7.61,7.47,7.54,7.67,-0.1299999999999999,-1.69,5522.87,6125.044
,2025-01-14,7.56,8.11,7.55,8.11,7.54,0.5699999999999994,7.56,12974.54,15152.348
,2025-01-15,8.12,8.4,7.94,7.99,8.11,-0.1199999999999992,-1.48,12053.11,14530.971
,2025-01-16,8.07,8.23,7.97,8.05,7.99,0.0600000000000005,0.75,8101.95,9666.351
,2025-01-17,8.09,8.11,7.88,8.01,8.05,-0.0400000000000009,-0.5,5234.28,6163.038
,2025-01-20,8.16,8.45,8.05,8.19,8.01,0.1799999999999997,2.25,8810.12,10679.577
,2025-01-21,8.35,8.37,8.0,8.09,8.19,-0.0999999999999996,-1.22,6227.02,7442.472
,2025-01-22,8.28,8.28,7.91,7.94,8.09,-0.1499999999999994,-1.85,4026.58,4748.771
,2025-01-23,8.05,8.19,7.96,7.96,7.94,0.0199999999999995,0.25,5410.36,6426.994
,2025-01-24,7.94,8.12,7.88,8.07,7.96,0.1100000000000003,1.38,4338.6,5120.509
,2025-01-27,8.11,8.11,7.82,7.84,8.07,-0.2300000000000004,-2.85,4464.38,5220.152
,2025-02-05,7.96,7.96,7.75,7.81,7.84,-0.0300000000000002,-0.38,2274.17,2617.011
,2025-02-06,7.88,8.18,7.78,8.15,7.81,0.3400000000000007,4.35,6218.28,7344.052
,2025-02-07,8.08,8.64,8.08,8.52,8.15,0.3699999999999992,4.54,12778.07,15809.38
,2025-02-10,8.56,8.76,8.52,8.76,8.52,0.2400000000000002,2.82,10510.95,13389.671
,2025-02-11,8.82,9.07,8.75,8.89,8.76,0.1300000000000007,1.48,24809.17,32577.093
,2025-02-12,8.81,8.98,8.71,8.94,8.89,0.0499999999999989,0.56,10406.98,13579.886
,2025-02-13,10.19,10.19,8.94,9.1,8.94,0.1600000000000001,1.79,23945.74,32934.908
,2025-02-14,9.07,9.07,8.81,8.94,9.1,-0.1600000000000001,-1.76,12600.29,16536.651
,2025-02-17,9.11,9.5,9.04,9.34,8.94,0.4000000000000003,4.47,17184.62,23502.58
,2025-02-18,9.24,9.38,8.81,8.83,9.34,-0.5099999999999998,-5.46,14507.5,19318.865
,2025-02-19,8.84,8.95,8.74,8.95,8.83,0.1199999999999992,1.36,14378.75,18799.529
,2025-02-20,8.95,9.46,8.94,9.32,8.95,0.370000000000001,4.13,20238.73,27486.868
,2025-02-21,9.36,9.43,9.11,9.42,9.32,0.0999999999999996,1.07,17692.93,24267.075
,2025-02-24,9.42,9.71,9.29,9.48,9.42,0.0600000000000005,0.64,13419.35,18757.078
,2025-02-25,9.35,9.49,9.24,9.32,9.48,-0.1600000000000001,-1.69,11954.12,16505.155
,2025-02-26,9.33,9.59,9.3,9.49,9.32,0.1699999999999999,1.82,10514.85,14652.337
,2025-02-27,9.57,9.7,9.42,9.69,9.49,0.1999999999999993,2.11,16931.54,23840.122
,2025-02-28,9.85,9.86,9.51,9.57,9.69,-0.1199999999999992,-1.24,14007.7,20031.413
,2025-03-03,9.6,9.85,9.39,9.76,9.57,0.1899999999999995,1.99,15605.02,22270.421
,2025-03-04,9.61,10.25,9.61,10.2,9.76,0.4399999999999995,4.51,24451.54,36072.298
,2025-03-05,10.08,11.07,10.0,10.8,10.2,0.6000000000000014,5.88,37460.15,58118.098
,2025-03-06,11.07,12.77,10.46,11.88,10.8,1.08,10.0,74305.92,125496.441
,2025-03-07,12.03,13.11,11.39,11.56,11.88,-0.3200000000000003,-2.69,65137.94,117118.755
,2025-03-10,11.54,15.02,10.94,14.26,11.56,2.7,23.36,148281.78,297009.721
,2025-03-11,13.58,14.18,12.62,12.76,14.26,-1.5,-10.52,107478.7,210431.808
,2025-03-12,12.68,13.36,12.09,13.07,12.76,0.3100000000000005,2.43,77961.27,144700.481
,2025-03-13,12.9,13.07,11.88,12.18,13.07,-0.8900000000000006,-6.81,64071.33,115982.22
,2025-03-14,12.13,12.41,12.05,12.32,12.18,0.1400000000000005,1.15,40688.14,73521.339
,2025-03-17,12.52,12.66,12.32,12.52,12.32,0.1999999999999993,1.62,40248.88,74036.183
,2025-03-18,12.52,13.16,12.4,12.73,12.52,0.2100000000000008,1.68,49988.9,93720.103
,2025-03-19,12.65,12.71,11.46,11.56,12.73,-1.17,-9.19,46577.84,82730.936
,2025-03-20,11.67,11.84,11.11,11.2,11.56,-0.3600000000000012,-3.11,29052.23,49241.024
,2025-03-21,11.08,11.3,10.66,10.74,11.2,-0.4599999999999991,-4.11,22749.19,36788.053
,2025-03-24,10.84,11.27,10.56,11.17,10.74,0.4299999999999997,4.0,25013.01,40370.017
,2025-03-25,11.19,12.13,11.14,11.84,11.17,0.6699999999999999,6.0,45908.78,79532.83
,2025-03-26,11.59,12.14,11.58,11.73,11.84,-0.1099999999999994,-0.93,26254.02,45718.007
,2025-03-27,11.75,11.75,11.44,11.54,11.73,-0.1900000000000012,-1.62,19415.61,33082.82
,2025-03-28,11.52,11.58,10.85,10.89,11.54,-0.6499999999999986,-5.63,20936.14,34491.613
,2025-03-31,10.99,11.27,10.59,11.12,10.89,0.2299999999999986,2.11,17122.23,27594.854
,2025-04-01,11.28,12.08,11.14,12.08,11.12,0.9600000000000009,8.63,37088.05,63970.967
,2025-04-02,11.94,12.21,11.77,11.94,12.08,-0.1400000000000005,-1.16,20770.2,36489.876
,2025-04-03,11.73,12.58,11.73,12.47,11.94,0.5300000000000011,4.44,36371.5,65908.765
,2025-04-07,11.75,12.08,10.07,10.58,12.47,-1.8900000000000008,-15.16,39106.4,64379.947
,2025-04-08,10.72,11.21,10.53,11.21,10.58,0.6300000000000008,5.95,27992.06,44697.603
,2025-04-09,10.86,12.33,10.59,12.22,11.21,1.0099999999999998,9.01,49584.52,86312.885
,2025-04-10,12.11,13.04,12.11,12.39,12.22,0.1699999999999999,1.39,60412.33,113152.297
,2025-04-11,12.16,13.3,12.16,12.77,12.39,0.379999999999999,3.07,43521.32,82069.587
,2025-04-14,13.08,13.45,12.77,12.9,12.77,0.1300000000000007,1.02,38104.95,73400.763
,2025-04-15,12.77,13.16,12.6,13.12,12.9,0.2199999999999988,1.71,28542.11,54150.29
,2025-04-16,13.17,13.35,12.49,12.86,13.12,-0.2599999999999998,-1.98,25602.5,48636.41
,2025-04-17,12.63,13.31,12.61,13.05,12.86,0.1900000000000012,1.48,28504.27,54735.24
,2025-04-18,12.99,14.67,12.78,14.6,13.05,1.549999999999999,11.88,66081.8,134116.961
,2025-04-21,14.53,14.53,13.66,14.25,14.6,-0.3499999999999996,-2.4,52101.04,107385.883
,2025-04-22,14.89,14.89,13.81,13.81,14.25,-0.4399999999999995,-3.09,42608.83,89394.026
,2025-04-23,13.99,13.99,13.35,13.36,13.81,-0.450000000000001,-3.26,34878.84,69871.204
,2025-04-24,13.45,13.78,12.77,13.35,13.36,-0.0099999999999997,-0.07,38338.01,75251.542
,2025-04-25,13.24,13.85,12.77,13.0,13.35,-0.3499999999999996,-2.62,27769.71,54374.356
,2025-04-28,13.34,13.41,12.59,12.64,13.0,-0.3599999999999994,-2.77,23280.65,44396.544
,2025-04-29,12.44,13.13,12.44,13.12,12.64,0.4799999999999986,3.8,18436.07,35009.334
,2025-04-30,13.28,13.55,13.04,13.21,13.12,0.0900000000000016,0.69,19181.23,37601.892
,2025-05-06,13.32,13.75,13.3,13.73,13.21,0.5199999999999996,3.94,23436.36,46747.495
,2025-05-07,13.9,14.16,13.52,13.96,13.73,0.2300000000000004,1.68,27099.28,54994.957
,2025-05-08,13.94,13.95,13.75,13.82,13.96,-0.1400000000000005,-1.0,18585.17,37841.56
,2025-05-09,13.98,13.98,13.57,13.68,13.82,-0.1400000000000005,-1.01,22739.82,38104.331
,2025-05-12,13.68,13.84,13.57,13.74,13.68,0.0600000000000005,0.44,26734.48,44450.582
,2025-05-13,13.88,13.97,13.14,13.14,13.74,-0.5999999999999996,-4.37,23340.03,38206.675
,2025-05-14,13.09,13.27,12.76,13.12,13.14,-0.0200000000000013,-0.15,25928.17,40835.666
,2025-05-15,13.11,13.4,13.05,13.39,13.12,0.2700000000000013,2.06,22536.37,36362.693
,2025-05-16,13.48,13.82,13.24,13.29,13.39,-0.1000000000000014,-0.75,25003.3,41019.897
,2025-05-19,13.25,13.65,13.17,13.61,13.29,0.3200000000000003,2.41,19880.87,32487.624
,2025-05-20,13.81,14.1,13.56,13.96,13.61,0.3500000000000014,2.57,33906.43,57020.055
,2025-05-21,14.08,14.97,14.05,14.15,13.96,0.1899999999999995,1.36,47460.84,83070.86
,2025-05-22,13.98,14.06,13.1,13.27,14.15,-0.8800000000000008,-6.22,34616.45,56769.037
,2025-05-23,13.16,13.41,12.76,12.81,13.27,-0.4599999999999991,-3.47,21036.36,33541.589
,2025-05-26,12.38,13.65,12.38,13.65,12.81,0.8399999999999999,6.56,29386.79,47459.76
,2025-05-27,13.6,14.07,13.37,13.73,13.65,0.08,0.59,27424.81,45614.753
,2025-05-28,13.65,15.41,13.59,14.72,13.73,0.9900000000000002,7.21,89613.62,161054.76
,2025-05-29,14.56,15.12,14.35,14.72,14.72,0.0,0.0,46832.95,83068.439
,2025-05-30,14.51,14.63,13.88,13.95,14.72,-0.7700000000000014,-5.23,36325.21,62402.845
,2025-06-03,13.82,14.39,13.65,14.24,13.95,0.2900000000000009,2.08,19486.33,33340.908
,2025-06-04,14.39,14.68,14.16,14.32,14.24,0.08,0.56,18490.71,32311.41
,2025-06-05,14.32,14.7,14.19,14.29,14.32,-0.0300000000000011,-0.21,23808.55,41659.795
,2025-06-06,14.31,14.32,13.89,14.02,14.29,-0.2699999999999996,-1.89,16389.45,28056.978
,2025-06-09,14.22,14.54,14.07,14.5,14.02,0.4800000000000004,3.42,22980.4,40037.846
,2025-06-10,14.44,14.71,14.13,14.21,14.5,-0.2899999999999991,-2.0,22173.94,38829.983
,2025-06-11,14.33,14.33,13.83,13.98,14.21,-0.2300000000000004,-1.62,30068.34,51337.95
,2025-06-12,13.98,14.12,13.7,13.98,13.98,0.0,0.0,22957.02,38752.934
,2025-06-13,13.92,14.8,13.72,14.22,13.98,0.2400000000000002,1.72,41406.54,71943.801
,2025-06-16,14.02,14.36,13.92,14.02,14.22,-0.200000000000001,-1.41,22976.17,39376.344
,2025-06-17,14.11,14.44,13.9,14.22,14.02,0.200000000000001,1.43,21846.41,37561.065
,2025-06-18,14.23,14.35,13.72,13.87,14.22,-0.3500000000000014,-2.46,20985.21,35519.688
,2025-06-19,13.76,13.87,13.08,13.28,13.87,-0.5899999999999999,-4.25,25546.26,41687.289
,2025-06-20,13.47,13.65,13.08,13.31,13.28,0.0300000000000011,0.23,17420.19,28315.793
,2025-06-23,13.3,13.5,13.12,13.49,13.31,0.1799999999999997,1.35,12188.32,19785.969
,2025-06-24,13.37,13.85,13.37,13.79,13.49,0.2999999999999989,2.22,12921.94,21567.072
,2025-06-25,13.88,13.91,13.64,13.81,13.79,0.0200000000000013,0.15,14539.39,24388.977
,2025-06-26,13.82,14.31,13.76,13.9,13.81,0.0899999999999998,0.65,24316.38,41591.617
,2025-06-27,14.39,14.67,14.12,14.2,13.9,0.2999999999999989,2.16,25939.86,45085.63
,2025-06-30,14.15,14.35,14.07,14.1,14.2,-0.0999999999999996,-0.7,16648.52,28690.85
,2025-07-01,14.19,14.26,14.02,14.17,14.1,0.0700000000000002,0.5,9713.69,16675.672
,2025-07-02,14.26,14.39,14.07,14.39,14.17,0.2200000000000006,1.55,17147.08,29630.417
,2025-07-03,14.33,14.36,14.12,14.35,14.39,-0.0400000000000009,-0.28,12987.94,22474.427
,2025-07-04,14.3,14.3,13.96,14.04,14.35,-0.3100000000000005,-2.16,15408.68,26377.769
,2025-07-07,13.96,14.44,13.75,14.23,14.04,0.1900000000000012,1.35,21295.1,36583.543
,2025-07-08,14.2,14.39,14.08,14.36,14.23,0.129999999999999,0.91,15157.77,26311.938
,2025-07-09,14.37,14.53,14.26,14.36,14.36,0.0,0.0,11704.28,20451.069
,2025-07-10,14.31,15.14,13.99,15.0,14.36,0.6400000000000006,4.46,35917.56,63751.542
,2025-07-11,14.89,15.79,14.82,15.69,15.0,0.6899999999999995,4.6,37636.51,70308.59
,2025-07-14,16.04,16.28,15.37,15.92,15.69,0.2300000000000004,1.47,28238.8,54161.413
,2025-07-15,15.71,16.11,15.55,15.63,15.92,-0.2899999999999991,-1.82,18840.89,36094.132
,2025-07-16,15.82,18.81,15.72,17.77,15.63,2.139999999999999,13.69,89999.75,193206.134
,2025-07-17,17.27,17.84,16.71,17.63,17.77,-0.1400000000000005,-0.79,62987.99,131341.675
,2025-07-18,17.36,18.24,17.04,17.2,17.63,-0.4299999999999997,-2.44,64233.74,137971.872
,2025-07-21,22.36,22.36,21.03,22.36,17.2,5.16,30.0,161930.09,438857.473
,2025-07-22,26.98,29.06,26.9,29.06,22.36,6.699999999999999,29.96,219830.41,759839.125
,2025-07-23,29.61,37.74,29.06,31.36,29.06,2.3000000000000007,7.91,330840.72,1342382.097
,2025-07-24,32.08,33.93,29.73,29.73,31.36,-1.629999999999999,-5.2,253163.19,973896.038
,2025-07-25,28.02,28.98,25.31,25.99,29.73,-3.740000000000002,-12.58,229580.7,756867.845
,2025-07-28,25.61,26.42,24.68,25.74,25.99,-0.25,-0.96,138369.98,427047.056
,2025-07-29,25.75,31.57,25.03,30.98,25.74,5.240000000000002,20.36,242027.15,818241.79
,2025-07-30,28.87,30.68,27.11,27.27,30.98,-3.710000000000001,-11.98,174976.75,615236.326
,2025-07-31,26.45,27.54,25.92,26.07,27.27,-1.1999999999999993,-4.4,109782.92,352582.483
,2025-08-01,25.75,27.0,25.26,26.13,26.07,0.0599999999999987,0.23,92378.26,293425.629
,2025-08-04,26.32,27.44,24.84,24.87,26.13,-1.259999999999998,-4.82,102838.75,325496.789
,2025-08-05,24.51,25.07,23.47,23.64,24.87,-1.2300000000000004,-4.95,99665.29,290217.255
,2025-08-06,23.77,23.88,22.46,23.2,23.64,-0.4400000000000013,-1.86,100856.07,282221.155
,2025-08-07,23.03,24.04,22.78,23.36,23.2,0.1600000000000001,0.69,76603.45,218191.86
,2025-08-08,23.03,25.75,22.79,24.55,23.36,1.1900000000000013,5.09,122375.29,364095.718
,2025-08-11,24.28,24.82,23.46,23.61,24.55,-0.9400000000000012,-3.83,75543.05,218865.302
,2025-08-12,23.61,23.61,22.62,22.69,23.61,-0.9199999999999982,-3.9,64544.56,179989.671
,2025-08-13,22.7,23.16,22.53,22.91,22.69,0.2199999999999988,0.97,49102.68,136518.494
,2025-08-14,22.91,23.84,22.66,23.24,22.91,0.3299999999999983,1.44,72293.75,205757.42
,2025-08-15,23.03,23.28,22.52,23.15,23.24,-0.0899999999999998,-0.39,62546.69,174189.639
,2025-08-18,23.22,24.08,23.16,24.0,23.15,0.8500000000000014,3.67,68850.6,198066.2
,2025-08-19,24.11,25.07,23.61,24.43,24.0,0.4299999999999997,1.79,83036.29,245368.998
,2025-08-20,24.18,24.31,23.67,23.99,24.43,-0.4400000000000013,-1.8,47711.23,139057.754
,2025-08-21,24.0,24.51,23.1,23.14,23.99,-0.8499999999999979,-3.54,58301.66,168389.982
,2025-08-22,23.05,23.28,22.69,22.94,23.14,-0.1999999999999993,-0.86,43425.69,120751.197
,2025-08-25,22.93,23.39,22.87,23.18,22.94,0.2399999999999984,1.05,38957.05,109409.354
,2025-08-26,23.2,23.2,22.51,22.62,23.18,-0.5599999999999987,-2.42,41583.46,114808.303
,2025-08-27,22.51,22.62,21.3,21.39,22.62,-1.2300000000000004,-5.44,60082.61,160072.087
,2025-08-28,21.45,21.86,20.98,21.72,21.39,0.3299999999999983,1.54,43322.95,112905.972
,2025-08-29,21.8,22.7,21.8,21.92,21.72,0.2000000000000028,0.92,43163.66,117021.219
,2025-09-01,21.82,21.96,21.47,21.96,21.92,0.0399999999999991,0.18,30337.91,80065.177
,2025-09-02,22.04,22.2,21.35,21.94,21.96,-0.0199999999999995,-0.09,33824.44,89565.823
,2025-09-03,21.96,22.33,21.52,21.7,21.94,-0.240000000000002,-1.09,25758.85,68246.627
,2025-09-04,21.62,22.09,21.24,21.5,21.7,-0.1999999999999993,-0.92,26081.48,68417.797
,2025-09-05,21.59,22.0,21.49,22.0,21.5,0.5,2.33,24444.23,64453.76
,2025-09-08,21.97,22.23,21.82,22.14,22.0,0.1400000000000005,0.64,27975.48,74821.499
,2025-09-09,22.24,22.24,20.77,20.8,22.14,-1.34,-6.05,36288.15,93514.099
,2025-09-10,20.68,21.25,20.68,21.0,20.8,0.1999999999999993,0.96,20283.75,51466.002
,2025-09-11,20.89,21.47,20.87,21.03,21.0,0.0300000000000011,0.14,21676.31,55319.104
,2025-09-12,21.3,22.75,21.3,22.15,21.03,1.1199999999999974,5.33,61211.22,164307.463
,2025-09-15,21.67,21.76,21.34,21.46,22.15,-0.6899999999999977,-3.12,31034.45,80626.681
,2025-09-16,21.46,21.75,20.74,21.22,21.46,-0.240000000000002,-1.12,25661.05,65377.413
,2025-09-17,21.26,21.51,21.1,21.25,21.22,0.0300000000000011,0.14,18849.41,48400.488
,2025-09-18,21.25,21.45,20.7,20.83,21.25,-0.4200000000000017,-1.98,26440.15,67405.592
,2025-09-19,20.93,22.21,20.56,21.42,20.83,0.5900000000000034,2.83,51101.73,133061.421
,2025-09-22,21.3,21.31,20.21,20.29,21.42,-1.1300000000000026,-5.28,41682.39,103634.8
,2025-09-23,20.46,20.64,19.7,20.23,20.29,-0.0599999999999987,-0.3,29549.13,72100.423
,2025-09-24,20.45,20.56,19.82,19.9,20.23,-0.3300000000000018,-1.63,25944.31,62942.983
,2025-09-25,19.94,20.04,19.69,19.73,19.9,-0.1699999999999981,-0.85,19056.26,45659.71
,2025-09-26,19.69,20.06,19.41,19.74,19.73,0.009999999999998,0.05,21201.86,50432.495
,2025-09-29,19.64,19.91,19.61,19.61,19.74,-0.129999999999999,-0.66,11884.79,28306.311
,2025-09-30,19.83,19.99,19.45,19.46,19.61,-0.1499999999999985,-0.76,17185.44,40837.338
,2025-10-09,19.6,19.6,19.05,19.52,19.46,0.0599999999999987,0.31,17813.24,41654.377
,2025-10-10,19.61,20.35,19.54,20.29,19.52,0.7699999999999996,3.94,29032.95,70649.794
,2025-10-13,19.56,20.17,19.36,20.02,20.29,-0.2699999999999996,-1.33,21341.75,51076.475
,2025-10-14,20.06,20.56,20.03,20.21,20.02,0.1900000000000012,0.95,22928.26,56304.379
,2025-10-15,20.15,20.76,20.15,20.25,20.21,0.0399999999999991,0.2,19368.7,47701.923
,2025-10-16,20.55,20.6,19.32,19.46,20.25,-0.7899999999999991,-3.9,25195.72,60208.368
,2025-10-17,19.6,19.6,18.86,18.94,19.46,-0.5199999999999996,-2.67,17093.04,39613.131
,2025-10-20,19.17,19.31,18.95,19.03,18.94,0.0899999999999998,0.48,8635.29,19921.382
,2025-10-21,19.37,20.25,19.24,20.14,19.03,1.1099999999999994,5.83,33506.39,81079.593
,2025-10-22,20.21,22.14,20.03,20.96,20.14,0.8200000000000003,4.07,77238.34,198245.397
,2025-10-23,20.7,20.71,20.07,20.4,20.96,-0.5600000000000023,-2.67,36339.16,89132.426
,2025-10-24,20.69,20.69,20.0,20.04,20.4,-0.3599999999999994,-1.76,23643.32,57536.125
,2025-10-27,20.14,20.34,19.93,20.13,20.04,0.0899999999999998,0.45,20524.95,49848.781
,2025-10-28,20.22,20.28,19.84,19.87,20.13,-0.259999999999998,-1.29,18543.46,44681.398
,2025-10-29,20.02,20.77,19.6,20.67,19.87,0.8000000000000007,4.03,34240.59,83501.867
,2025-10-30,20.68,21.01,20.29,20.31,20.67,-0.360000000000003,-1.74,32859.38,82373.591
,2025-10-31,20.43,20.83,20.14,20.5,20.31,0.1900000000000012,0.94,20838.47,51745.949
,2025-11-03,20.76,21.06,20.21,20.33,20.5,-0.1700000000000017,-0.83,23379.16,58225.216
,2025-11-04,20.37,20.37,19.85,19.98,20.33,-0.3499999999999978,-1.72,17721.58,42750.834
,2025-11-05,19.7,20.04,19.65,19.89,19.98,-0.0899999999999998,-0.45,11963.51,28759.25
,2025-11-06,19.94,20.01,19.66,19.78,19.89,-0.1099999999999994,-0.55,10975.42,26259.28
,2025-11-07,19.88,20.09,19.67,19.87,19.78,0.0899999999999998,0.46,9489.53,22828.887
,2025-11-10,19.95,20.26,19.78,19.94,19.87,0.0700000000000002,0.35,11436.9,27593.102
,2025-11-11,20.04,20.25,19.83,20.13,19.94,0.1899999999999977,0.95,15298.93,37078.903
,2025-11-12,20.1,20.18,19.8,19.94,20.13,-0.1899999999999977,-0.94,10739.78,25900.22
,2025-11-13,20.07,20.21,19.82,20.2,19.94,0.259999999999998,1.3,15092.39,36694.307
,2025-11-14,20.16,20.55,20.16,20.33,20.2,0.129999999999999,0.64,17439.23,42887.503
,2025-11-17,20.27,20.43,19.85,19.91,20.33,-0.4199999999999981,-2.07,12820.05,30958.926
,2025-11-18,19.82,20.12,19.8,19.88,19.91,-0.0300000000000011,-0.15,10564.14,25399.84
,2025-11-19,20.1,20.1,19.47,19.51,19.88,-0.3699999999999974,-1.86,12578.65,29876.764
,2025-11-20,19.53,19.8,19.32,19.36,19.51,-0.1500000000000021,-0.77,7159.45,16908.888
,2025-11-21,19.13,19.31,18.34,18.36,19.36,-1.0,-5.17,18993.55,42684.097
,2025-11-24,18.35,18.71,18.2,18.41,18.36,0.0500000000000007,0.27,11941.34,26680.246
,2025-11-25,18.48,18.74,18.25,18.31,18.41,-0.1000000000000014,-0.54,12657.87,28235.592
,2025-11-26,18.37,18.56,18.26,18.47,18.31,0.1600000000000001,0.87,11955.1,26617.489
,2025-11-27,18.39,18.47,18.21,18.31,18.47,-0.1600000000000001,-0.87,7030.85,15588.602
,2025-11-28,18.31,18.34,17.95,18.1,18.31,-0.2099999999999973,-1.15,8914.02,19579.099
,2025-12-01,18.17,18.38,18.03,18.35,18.1,0.25,1.38,7309.01,16098.563
,2025-12-02,18.44,18.49,18.22,18.28,18.35,-0.0700000000000002,-0.38,5942.43,13188.455
,2025-12-03,18.33,18.35,17.96,17.96,18.28,-0.3200000000000003,-1.75,6387.0,13988.938
,2025-12-04,17.96,18.14,17.42,17.42,17.96,-0.5399999999999991,-3.01,11049.51,23667.069
,2025-12-05,17.45,17.54,17.24,17.5,17.42,0.0799999999999983,0.46,11564.42,24365.19
,2025-12-08,17.65,18.18,17.64,17.85,17.5,0.3500000000000014,2.0,12392.44,26897.273
,2025-12-09,17.83,17.83,17.43,17.45,17.85,-0.4000000000000021,-2.24,6319.74,13451.312
,2025-12-10,17.54,17.6,17.31,17.58,17.45,0.129999999999999,0.74,6561.17,13835.266
,2025-12-11,17.58,18.83,17.21,18.03,17.58,0.4500000000000028,2.56,24728.81,53714.782
,2025-12-12,17.86,18.58,17.71,18.35,18.03,0.3200000000000003,1.77,21218.85,46977.373
,2025-12-15,18.44,18.53,17.96,18.16,18.35,-0.1900000000000012,-1.04,10762.24,23715.689
,2025-12-16,18.14,18.52,17.92,18.26,18.16,0.1000000000000014,0.55,12064.18,26692.869
,2025-12-17,18.26,18.52,18.16,18.28,18.26,0.0199999999999995,0.11,10817.81,23979.502
,2025-12-18,18.29,18.41,18.04,18.04,18.28,-0.240000000000002,-1.31,8238.54,18128.523
,2025-12-19,18.2,18.49,18.2,18.38,18.04,0.3399999999999998,1.88,9276.2,20603.293
,2025-12-22,18.42,18.61,18.31,18.53,18.38,0.1500000000000021,0.82,8967.08,20072.393
,2025-12-23,18.53,18.63,18.12,18.19,18.53,-0.3399999999999998,-1.83,9153.68,20227.185
,2025-12-24,18.35,18.35,17.58,17.99,18.19,-0.2000000000000028,-1.1,9436.31,20524.694
,2025-12-25,18.07,18.12,17.86,18.0,17.99,0.0100000000000015,0.06,8608.79,18697.066
,2025-12-26,18.0,18.06,17.69,17.74,18.0,-0.2600000000000015,-1.44,8407.41,18102.139
,2025-12-29,17.71,17.77,17.34,17.37,17.74,-0.3699999999999974,-2.09,10912.74,23141.154
,2025-12-30,17.4,18.49,17.3,17.83,17.37,0.4599999999999973,2.65,18470.78,39973.125
,2025-12-31,17.77,17.94,17.62,17.7,17.83,-0.129999999999999,-0.73,9017.61,19368.133
,2026-01-05,17.69,17.77,17.46,17.76,17.7,0.0600000000000022,0.34,10017.45,21370.411
,2026-01-06,17.87,18.42,17.73,18.34,17.76,0.5799999999999983,3.27,14839.68,32580.692
,2026-01-07,18.31,18.93,18.2,18.6,18.34,0.2600000000000015,1.42,19804.44,44563.392
,2026-01-08,18.76,19.03,18.37,18.93,18.6,0.3299999999999983,1.77,19322.97,43827.461
,2026-01-09,19.03,19.57,18.8,19.27,18.93,0.3399999999999998,1.8,24100.25,55993.558
,2026-01-12,19.51,19.56,19.05,19.46,19.27,0.1900000000000012,0.99,23653.62,55279.569
,2026-01-13,19.72,19.75,18.87,18.91,19.46,-0.5500000000000007,-2.83,23632.09,55147.108
,2026-01-14,18.86,19.33,18.68,18.98,18.91,0.0700000000000002,0.37,21873.89,50374.104
,2026-01-15,19.0,19.42,18.91,19.04,18.98,0.0599999999999987,0.32,11216.69,25901.916
,2026-01-16,19.11,19.43,18.99,19.2,19.04,0.1600000000000001,0.84,18391.26,42883.326
,2026-01-19,19.25,19.27,18.7,18.78,19.2,-0.4199999999999981,-2.19,17117.23,39170.797
,2026-01-20,18.9,18.9,18.46,18.67,18.78,-0.1099999999999994,-0.59,8493.72,19119.901
,2026-01-21,18.66,18.68,18.38,18.57,18.67,-0.1000000000000014,-0.54,6028.32,13528.993
,2026-01-22,18.62,18.77,18.44,18.48,18.57,-0.0899999999999998,-0.48,8894.27,19969.908
,2026-01-23,18.56,18.81,18.46,18.65,18.48,0.1699999999999981,0.92,11506.71,25989.052
,2026-01-26,18.65,18.97,18.28,18.3,18.65,-0.3499999999999978,-1.88,14728.56,33113.522
,2026-01-27,18.33,18.33,17.74,18.13,18.3,-0.1700000000000017,-0.93,11549.05,25091.614
,2026-01-28,18.07,18.36,17.88,18.2,18.13,0.0700000000000002,0.39,8757.54,19164.946
,2026-01-29,18.04,18.16,17.67,17.71,18.2,-0.4899999999999984,-2.69,10585.38,22842.823
,2026-01-30,17.93,18.0,17.53,17.79,17.71,0.0799999999999983,0.45,8239.74,17692.013
,2026-02-02,17.85,17.85,17.27,17.36,17.79,-0.4299999999999997,-2.42,10035.65,21337.111
,2026-02-03,17.38,17.75,17.36,17.67,17.36,0.3100000000000023,1.79,7516.77,15916.335
,2026-02-04,17.85,17.92,17.42,17.55,17.67,-0.120000000000001,-0.68,7495.5,15991.094
,2026-02-05,17.5,17.64,17.31,17.46,17.55,-0.0899999999999998,-0.51,5301.22,11198.497
,2026-02-06,17.35,17.65,17.3,17.45,17.46,-0.0100000000000015,-0.06,4692.43,9925.257
,2026-02-09,17.74,17.79,17.5,17.61,17.45,0.1600000000000001,0.92,4797.24,10220.441
,2026-02-10,17.61,17.74,17.59,17.66,17.61,0.0500000000000007,0.28,4141.27,8841.986
,2026-02-11,17.62,17.81,17.52,17.66,17.66,0.0,0.0,6656.74,14223.778
,2026-02-12,17.62,17.85,17.4,17.4,17.66,-0.2600000000000015,-1.47,12681.44,27116.604
,2026-02-13,17.45,17.69,17.41,17.47,17.4,0.0700000000000002,0.4,6758.41,14318.444
,2026-02-24,17.6,18.1,17.6,17.93,17.47,0.4600000000000008,2.63,10211.11,22114.323
,2026-02-25,18.03,18.13,17.79,18.01,17.93,0.0800000000000018,0.45,7161.75,15560.303
,2026-02-26,17.93,18.02,17.71,17.79,18.01,-0.2200000000000024,-1.22,7949.91,17105.497
,2026-02-27,17.99,18.08,17.74,18.07,17.79,0.2800000000000011,1.57,8634.65,18711.063
,2026-03-02,18.05,18.49,17.85,18.1,18.07,0.0300000000000011,0.17,16678.1,36708.784
,2026-03-03,18.3,18.93,18.07,18.43,18.1,0.3299999999999983,1.82,28085.65,62862.691
,2026-03-04,18.44,18.82,17.96,18.79,18.43,0.3599999999999994,1.95,24182.24,54321.93
,2026-03-05,18.96,19.13,18.49,18.62,18.79,-0.1699999999999981,-0.9,17666.66,39941.474
,2026-03-06,18.65,18.93,18.53,18.89,18.62,0.2699999999999996,1.45,14744.66,33539.313
,2026-03-09,18.61,18.8,18.07,18.27,18.89,-0.620000000000001,-3.28,20707.22,45840.799
,2026-03-10,18.36,18.72,18.21,18.66,18.27,0.3900000000000005,2.13,14254.14,31981.039
,2026-03-11,18.74,19.42,18.67,19.36,18.66,0.6999999999999993,3.75,30468.38,70396.119
,2026-03-12,19.24,19.79,18.89,19.15,19.36,-0.2100000000000008,-1.08,30284.43,70418.169
,2026-03-13,19.03,19.84,18.87,19.46,19.15,0.3100000000000023,1.62,47575.51,111555.269
,2026-03-16,19.36,19.81,18.68,18.79,19.46,-0.6700000000000017,-3.44,26551.98,61781.253
,2026-03-17,18.84,19.15,18.41,18.48,18.79,-0.3099999999999987,-1.65,16417.37,37109.057
,2026-03-18,18.38,18.58,18.12,18.44,18.48,-0.0399999999999991,-0.22,10735.19,23729.5
,2026-03-19,18.41,18.41,17.33,17.52,18.44,-0.9200000000000016,-4.99,17830.94,38060.109
,2026-03-20,17.52,17.59,16.97,16.97,17.52,-0.5500000000000007,-3.14,10881.4,22730.513
,2026-03-23,16.89,16.89,15.37,15.45,16.97,-1.5199999999999996,-8.96,22398.1,42919.407
,2026-03-24,15.65,15.94,15.61,15.92,15.45,0.4700000000000006,3.04,8532.56,16281.048
,2026-03-25,15.96,16.35,15.81,16.24,15.92,0.3199999999999985,2.01,7491.11,14673.89
,2026-03-26,16.36,16.56,15.99,16.0,16.24,-0.2399999999999984,-1.48,6841.32,13473.726
,2026-03-27,15.79,16.38,15.77,16.25,16.0,0.25,1.56,5121.87,10037.956
,2026-03-30,16.02,16.46,15.82,16.21,16.25,-0.0399999999999991,-0.25,10717.16,20920.973
,2026-03-31,16.21,16.82,16.21,16.54,16.21,0.3299999999999983,2.04,12271.38,24556.47
,2026-04-01,16.64,16.82,16.38,16.49,16.54,-0.0500000000000007,-0.3,7322.52,14674.539
,2026-04-02,16.54,16.76,16.3,16.46,16.49,-0.0299999999999975,-0.18,6875.18,13774.539
,2026-04-03,16.42,16.54,15.97,16.11,16.46,-0.3500000000000014,-2.13,6424.93,12572.583
,2026-04-07,16.04,16.44,16.04,16.15,16.11,0.0399999999999991,0.25,4365.64,8577.457
,2026-04-08,16.44,16.68,16.37,16.65,16.15,0.5,3.1,8700.79,17401.896
,2026-04-09,16.49,16.63,16.13,16.16,16.65,-0.4899999999999984,-2.94,8510.39,16819.34
,2026-04-10,16.24,16.63,16.21,16.41,16.16,0.25,1.55,8286.92,16503.094
,2026-04-13,16.34,16.53,16.33,16.34,16.41,-0.0700000000000002,-0.43,5212.43,10345.338
,2026-04-14,16.35,16.51,16.29,16.47,16.34,0.129999999999999,0.8,4633.8,9180.635
,2026-04-15,16.59,16.67,16.13,16.17,16.47,-0.2999999999999971,-1.82,7745.89,15345.254
,2026-04-16,16.42,16.42,16.14,16.35,16.17,0.1799999999999997,1.11,5611.83,11037.354
,2026-04-17,16.3,17.17,16.15,16.93,16.35,0.5799999999999983,3.55,17097.04,34394.934
,2026-04-20,17.08,20.24,17.0,19.37,16.93,2.4400000000000013,14.41,73193.44,172038.477
,2026-04-21,18.61,18.93,17.92,18.18,19.37,-1.1900000000000013,-6.14,53965.9,119267.261
,2026-04-22,18.08,18.79,17.93,18.6,18.18,0.4200000000000017,2.31,35008.01,78309.298
,2026-04-23,18.44,18.81,17.71,17.74,18.6,-0.860000000000003,-4.62,31401.4,68635.669
,2026-04-24,17.82,18.5,17.72,17.86,17.74,0.120000000000001,0.68,23538.78,51568.529
,2026-04-27,17.74,18.16,17.55,17.6,17.86,-0.259999999999998,-1.46,16906.78,36264.718
,2026-04-28,17.45,17.75,16.75,16.79,17.6,-0.8100000000000023,-4.6,19149.74,39758.698
,2026-04-29,16.81,17.16,16.79,16.9,16.79,0.1099999999999994,0.66,16743.0,34293.1
,2026-04-30,16.98,17.0,16.4,16.4,16.9,-0.5,-2.96,18122.9,30024.624
,2026-05-06,16.43,17.19,16.43,17.17,16.4,0.7700000000000031,4.7,18147.22,30745.194
,2026-05-07,17.3,18.29,17.28,17.79,17.17,0.6199999999999974,3.61,24296.52,43177.019
,2026-05-08,17.69,18.1,17.36,17.84,17.79,0.0500000000000007,0.28,18200.11,32383.098
,2026-05-11,18.08,18.12,17.64,17.8,17.84,-0.03999999999999915,-0.22,15746.44,28077.795
